strain,insertion: 34bp @ ref pos 0,insertion: 31bp @ ref pos 14,insertion: 1bp @ ref pos 22,insertion: 13bp @ ref pos 56,insertion: 1bp @ ref pos 77,insertion: 23bp @ ref pos 84,insertion: 1bp @ ref pos 88,insertion: 29bp @ ref pos 93,insertion: 2bp @ ref pos 123,insertion: 1bp @ ref pos 124,insertion: 1bp @ ref pos 128,insertion: 2bp @ ref pos 145,insertion: 1bp @ ref pos 185,insertion: 2bp @ ref pos 205,insertion: 6bp @ ref pos 284,insertion: 6bp @ ref pos 301,insertion: 2bp @ ref pos 303,insertion: 11bp @ ref pos 383,insertion: 3bp @ ref pos 386,insertion: 8bp @ ref pos 398,insertion: 1bp @ ref pos 429,insertion: 2bp @ ref pos 562,insertion: 2bp @ ref pos 564,insertion: 1bp @ ref pos 569,insertion: 1bp @ ref pos 572,insertion: 3bp @ ref pos 581,insertion: 9bp @ ref pos 601,insertion: 6bp @ ref pos 803,insertion: 1bp @ ref pos 1034,insertion: 3bp @ ref pos 1280,insertion: 3bp @ ref pos 1292,insertion: 9bp @ ref pos 1296,insertion: 3bp @ ref pos 1513,insertion: 3bp @ ref pos 1516,insertion: 22bp @ ref pos 1590,insertion: 30bp @ ref pos 1596,insertion: 12bp @ ref pos 1603,insertion: 5bp @ ref pos 1773,insertion: 1bp @ ref pos 1790,insertion: 3bp @ ref pos 1817,insertion: 6bp @ ref pos 1824,insertion: 12bp @ ref pos 1836,insertion: 3bp @ ref pos 2193,insertion: 3bp @ ref pos 2207,insertion: 9bp @ ref pos 2307,insertion: 7bp @ ref pos 2530,insertion: 9bp @ ref pos 2549,insertion: 23bp @ ref pos 2555,insertion: 30bp @ ref pos 2677,insertion: 7bp @ ref pos 2877,insertion: 12bp @ ref pos 2951,insertion: 3bp @ ref pos 3050,insertion: 6bp @ ref pos 3073,insertion: 9bp @ ref pos 3110,insertion: 21bp @ ref pos 3121,insertion: 6bp @ ref pos 3224,insertion: 3bp @ ref pos 3529,insertion: 6bp @ ref pos 4039,insertion: 6bp @ ref pos 4295,insertion: 27bp @ ref pos 4844,insertion: 3bp @ ref pos 4945,insertion: 3bp @ ref pos 5071,insertion: 1bp @ ref pos 5083,insertion: 3bp @ ref pos 5182,insertion: 24bp @ ref pos 5701,insertion: 3bp @ ref pos 6447,insertion: 1bp @ ref pos 6949,insertion: 1bp @ ref pos 7005,insertion: 20bp @ ref pos 7056,insertion: 5bp @ ref pos 7069,insertion: 8bp @ ref pos 7079,insertion: 4bp @ ref pos 7081,insertion: 128bp @ ref pos 7099
MF775365,GACATAAGCGCCGGGTTTG,,,,,T,,ATGTTTGTTTGTCT,,A,,C,A,A,,AC,,,CCT,,,,,,,,TATCAAG,,,,,,GGT,,,,,,,,,,GGG,,,,AGA,,,,,,CCC,,CTGTGACTA,,,,,,,,,,,,,,,,,,
JQ994500,CGAATCCTTGTAGTAAT,,,ATGTGATCCGGTG,,,,AAA,,A,,T,,A,T,AC,,TGG,,,,,,,,,TAACATA,,,,,,GAA,,,ACAGTGCAACAA,,,,,ACT,,CCC,ACA,AATGAC,,,,,,,,,,TTTTGCAGA,,,,,,,,,,TGGGCTTTCAATCAGTTAACACAC,,,,,,,,
MZ363457,AGGGATT,,,,,TATA,,CCTCTTTTCTATCGTCTCTAATT,,A,,T,A,T,G,TTC,,TATCAGC,TC,,,,,,,,AAATAGA,,,,,,GAG,,,,,,,,,,GAT,,,,,,,,,,,,AGCTCCAAA,,,,,,,,,,,,,,,,,G,TATAA
MF775367,AGGGATT,,,,,TATA,,CCTCTTTTCTATCGTCTCTAATT,,A,,T,A,T,G,TTC,,TATCAGC,TC,,,,,,,,AAATAGA,,,,,,GAG,,,,,,,,,,GAT,,,,,,,,,,,,AGCTCCAAA,,,,,,,,,,,,,,,,,G,TATCCTTTCCCTTTTAG
MK989749,AGGGATT,,,,,TACA,,CCTCTTTTCTATCGTCTCCAATT,,A,,T,A,T,G,TTC,,TATCAGC,TC,,,,,,,,AAATAGA,,,,,,GAG,,,,,,,,,,GAT,,,,,,,,,,,,AGCTCCAAA,,,,,,,,,,,,,,,,,G,
MK989758,GAAAGGAGGGGAAGGGGTT,,,,,TATA,,CCTCCTTTCTATCACCTCTAAC,,A,,T,A,T,G,TTC,,TACTAGC,TC,,,,,,,,AAATAGA,,,,,,GCA,,,,,,,,,,GAT,,,,,,,,,,,,AACTCCAAA,,,,,,,,,,,,,,,,,G,
MK989751,GGCGCACAGGTTTCCAAGCAGAGTGTGGGAGCAC,CAGGAATAAAAGGAAACACGGACACCCAAAG,,,,TATCTC,,,,T,,C,,A,,C,,TGGGT,,,,,,,,,TAGTTA,,,,,,CTA,,G,GT,,,,,,,AAC,,,,,,,,,,,,C,,,,,,AGA,,,,,,,,,,,,
MK989757,TGTGTACATCTCTTCTAGTTTCGGGGAGGGGT,,,,,TATCAC,,,,A,,C,,A,,C,,TAGGGT,,,,,,,,,TGTGATA,,,,,,CTG,,G,CT,,,,,,,AAT,,,,,,,,,,,,A,,,,,,AGC,,,,,,,,ACCTCTTTGTTTT,,,,
GU568096,,C,A,,,GCATC,T,TCACCTAACATCCTCCCCCAAAGTATAT,G,A,,A,A,T,TCT,AATACC,,TG,TC,,T,,A,,,GTT,,AGGAGC,,,C,,CAA,,ACGAT,CTGTTATA,,,,,,AA,CCC,AAC,GAGGGA,GTGTGCA,AAGCGACCT,AATCAGGAACACAAAATGCAGCT,ATGATGCTAAATTTTCCAGCAATCTTACTG,ACCACG,CACCCATGTTAA,,,,CATACG,TGAAAG,TAG,ACATGA,CTCCTC,CTTGCACATAGATGTAACAACTACACC,ATG,ATA,,,,TCA,,,CC,TAGA,AG,T,T
KJ675505,,,C,,C,,,AAA,,A,,T,,G,T,AT,,TGG,,,,,,,,,TAACGTA,,,,,,GAA,,,ACAGTGCAGCAA,,,,,AGT,,ACC,ACA,AATGAC,,,,,,,,,,TTCTGCAGA,,,,,,,,,,,,,,,,,,T
LC720415,,,,,,T,,ATGTTTGTTTGTCT,,A,,C,A,A,,AC,,,CCT,,,,,,,,TATCAGA,,,,,,GAT,,,,,,,,,,GGC,,,,AAA,,,,,,CCA,,CTGTGACCA,,,,,,,,,,,,,,,,,,
OM001443,,,,,,T,,ATGTTTGTTTGTCT,,A,,C,A,A,,AC,,,CCT,,,,,,,,TATCAGA,,,,,,GAT,,,,,,,,,,GGC,,,,AAA,,,,,,CCA,,CTGTGACCA,,,,,,,,,,,,,,,,,,
MW969530,,,,,,T,,ATGTTTGTCTGTCT,,A,,C,A,A,,AC,,,CCT,,,,,,,,TATCAGA,,,,,,GAT,,,,,,,,,,GGC,,,,AAA,,,,,,CCA,,CTGTGACCA,,,,,,,,,,,,,,,,,,TAA
MN369031,,,,,,T,,ATGTTTGTTTGTCT,,A,,C,A,A,,AC,,,CCT,,,,,,,,TATCAAG,,,,,,GGT,,,,,,,,,,GGA,,,,AGA,,,,,,CCC,,CAGTGACCA,,,,,,,,,,,,,,,,,,T
KP890664,,,,,,T,,TCCCCTTTACTTTCTATCATTCTTTTCTT,,A,,C,A,A,TTGGCG,ATC,,CTGGGTCTT,CCC,,,,,,,,TTATAAA,,,,,,GAG,,,,,,,,,,GGT,,,,,,,,,,,,GTATTGAAA,,,,,,,,,,,,,,TTGAT,,,T,TAT
OK017926,,,,,,T,,TTGTTTGTGTATTTTATGT,,A,,T,A,A,,T,,CTGGGTCTC,CCC,,,,AT,,,,TAT,,,,,,ATG,,,,,,,CGC,,,AGT,,,,G,,,,,,,,CAACTGTAGAAA,,,,,,,,,,,,,,TACACA,ATTA,,,
OK017951,,,,,,T,,TTGTTTGTGTATTTTATGT,,A,,T,A,A,,T,,CTGGGTCTC,CCC,,,,AT,,,,TAT,,,,,,ATG,,,,,,,CGC,,,AGT,,,,G,,,,,,,,CAACTGTAGAAA,,,,,,,,,,,,,,TACACA,ATTA,,,
MZ670597,,,,,,T,,TTGTTTGTGTATTTTATGT,,A,,T,A,A,,T,,CTGGGTCTC,CCC,,,,A,,,,TAT,,,,,,ATA,,,,,,,CGC,,,AGT,,,,G,,,,,,,,CAACTGTAGAAA,,,,,,,,,,,,,,TACACA,ATTA,,,
OK254858,,,,,,T,,C,,C,,,,,T,C,,CGGGGT,,,,T,,,,,TATAGT,,,,,,ACA,,,CAA,,,,AAC,,,ACC,,,,,,,,,,CCT,,,,,,,,,,,,,,,,,,,T,TAAAAAA
MZ268694,,,,,,T,,T,,C,,,,,T,C,,CGGGGT,,,,T,,,,,TATAGT,,,,,,ACA,,,CAA,,,,AAC,,,ACT,,,,,,,,,,CCT,,,,,,,,,,,,,,,,,,,T,TAAAAAA
MW969535,,,,,,T,,T,,C,,,,,T,C,,CGGGGT,,,,T,,,,,TATAGT,,,,,,ACA,,,CAA,,,,AAC,,,ACT,,,,,,,,,,CCT,,,,,,,,,,,,,,,,,,,T,TAAAAAA
MZ363459,,,,,,T,,T,,C,,,,,T,C,,CGGGGT,,,,T,,,,,TATAGT,,,,,,ACA,,,CAA,,,,AAC,,,ACT,,,,,,,,,,CCT,,,,,,,,,,,,,,,,,,,T,T
OK161364,,,,,,T,,CA,,C,,,,,T,T,,CGGGGT,,,,T,,,,,TATAGT,,,,,,ACA,,,CAG,,,,ATC,,,ACC,,,,,,,,,,CTA,,,,,,,,,,,,,,,,,,,T,T
MZ835576,,,,,,T,,CA,,C,,,,,T,T,,CGGGGT,,,,T,,,,,TATAGT,,,,,,ACA,,,CAG,,,,ATC,,,ACC,,,,,,,,,,CTA,,,,,,,,,,,,,,,,,,,T,T
MK989755,,,,,,T,,CA,,C,,,,,T,T,,CGGGGT,,,,T,,,,,TATAGT,,,,,,ACA,,,CAG,,,,ATC,,,ACC,,,,,,,,,,CTA,,,,,,,,,,,,,,,,,,,T,T
KY369881,,,,,,T,,CA,,C,,,,,T,T,,CGGGGT,,,,T,,,,,TATAGT,,,,,,ACA,,,CAG,,,,ATC,,,ACC,,,,,,,,,,CTA,,,,,,,,,,,,,,,,,,,T,T
KF958310,,,,,,T,,TA,,C,,,,,T,T,,AGGGGT,,,,T,,,,,AGTAGT,,,,,,ACA,,,CAG,,,,ATC,,,ACT,,,,,,,,,,CCA,,,,,,,,,,,,,,,,,,,T,T
EF077280,,,,,,T,,TA,,C,,,,,T,C,,AGGGGT,,,,T,,,,,AATAGT,,,,,,ACA,,,CAG,,,,ATC,,,ACC,,,,,,,,,,CCA,,,,,,,,,,,,,,,,,,,T,
JQ245968,,,,,,T,,CA,,C,,,,,T,T,,AGGGGT,,,,T,,,,,AATAGT,,,,,,ACA,,,CAG,,,,ATC,,,ACT,,,,,,,,,,CCA,,,,,,,,,,,,,,,,,,,T,TAAAAAAAAAAAAAAAAAAAAAAAAAAAAAAAAAAAAAAAAAAAAAAAAAAAAAAAAAAAAAAA
MF806525,,,,,,T,,TTT,,A,,,,G,T,CACC,,TTGGGT,,,,T,,,,,GTATCAGT,,,,,,ACA,,,CAG,,,,ATC,,,ACA,,,,,,,,,,CTA,,,,,,,,,,,,,,,,,,,T,
MZ670596,,,,,,TCCC,,CCTCC,,C,,C,G,A,G,AC,,ACTCGGC,CT,,,,,,,,GTAAATA,,,,,,GAA,,,,,,,,,,GGA,,,,,,,,,,,,AAA,,,,,,,,,,,,,,,,,TACC,TAT
OK017957,,,,,,TCCC,,CCTCC,,C,,C,G,A,G,AC,,ACTCGGC,CT,,,,,,,,GTAAATA,,,,,,GAA,,,,,,,,,,GGA,,,,,,,,,,,,AAA,,,,,,,,,,,,,,,,,TACC,TAT
MZ221147,,,,,,TCCC,,CCTCC,,C,,C,G,A,G,AC,,ACTCGGC,CT,,,,,,,,GTAAATA,,,,,,GAA,,,,,,,,,,GGA,,,,,,,,,,,,AAA,,,,,,,,,,,,,,,,,TACC,TAT
OM001437,,,,,,TCCC,,CCTCC,,C,,C,G,A,G,ACC,,ACTCGGC,CT,,,,,,,,GTAAATA,,,,,,GGA,,,,,,,,,,GGA,,,,,,,,,,,,AAA,,,,,,,,,,,,,,,,,TACC,TAT
OK254856,,,,,,TCCC,,CCTCC,,C,,C,G,A,G,ACC,,ACTCGGC,CT,,,,,,,,GTAAATA,,,,,,GGA,,,,,,,,,,GGA,,,,,,,,,,,,AAA,,,,,,,,,,,,,,,,,TACC,TAT
OK017953,,,,,,TCCC,,CCTCC,,C,,C,G,A,G,AC,,ACACGGC,CT,,,,,,,,GTAAATA,,,,,,GGA,,,,,,,,,,GGA,,,,,,,,,,,,AAA,,,,,,,,,,,,,,,,,TACC,TAT
MZ629109,,,,,,TCCC,,CCTCC,,C,,C,G,A,G,AC,,ACACGGC,CT,,,,,,,,GTAAATA,,,,,,GGA,,,,,,,,,,GGA,,,,,,,,,,,,AAA,,,,,,,,,,,,,,,,,TACC,TAT
MZ629160,,,,,,TCCC,,CCTCC,,C,,C,G,A,G,AC,,ACACGGC,CT,,,,,,,,GTAAATA,,,,,,GGA,,,,,,,,,,GGA,,,,,,,,,,,,AAA,,,,,,,,,,,,,,,,,TACC,TAT
MZ835600,,,,,,TCCC,,CCTCC,,C,,C,G,A,G,AC,,ACACGGC,CT,,,,,,,,GTAAATA,,,,,,GGA,,,,,,,,,,GGA,,,,,,,,,,,,AAA,,,,,,,,,,,,,,,,,AACC,TAT
ON311160,,,,,,TCCC,,CCTCC,,C,,C,G,A,G,ACC,,ACTCGGC,CT,,,,,,,,GTAAACA,,,,,,GAA,,,,,,,,,,GGA,,,,,,,,,,,,AAA,,,,,,,,,,,,,,,,,TACC,TAT
ON311159,,,,,,TCCC,,CCTCC,,C,,C,G,A,G,AC,,ACTCGGC,CT,,,,,,,,GTAAACA,,,,,,GAA,,,,,,,,,,GGA,,,,,,,,,,,,AAA,,,,,,,,,,,,,,,,,TACC,TAT
OK649391,,,,,,TCCC,,TCTTTCTTTCTTCACTTCTTGAT,,A,,T,A,C,G,TAC,,TTGTGAT,CT,,,,,,,,TTATAAG,,,,,,GAA,,,,,,,,,,GGG,,,,,,,,,,,,ACTT,,,,,,,,,,,,,,,,,C,TA
OL133756,,,,,,TCCC,,TCTTTCTTTCTTCACTTCTTGAT,,A,,T,A,C,G,TAC,,TTGTGAT,CT,,,,,,,,TTATAAG,,,,,,GAA,,,,,,,,,,GGG,,,,,,,,,,,,ACTT,,,,,,,,,,,,,,,,,C,TA
MZ363422,,,,,,TCCC,,TCTTTCTTTCTTCACTTCTTGAT,,A,,T,A,C,G,TAC,,TTGTGAT,CT,,,,,,,,TTATAAG,,,,,,GAA,,,,,,,,,,GGG,,,,,,,,,,,,ACTT,,,,,,,,,,,,,,,,,C,TA
LC428175,,,,,,TCCC,,TCTTTCTTTCTTCACTTCTTAAT,,A,,T,A,C,G,TAC,,TTGTGAT,CT,,,,,,,,TCATAGG,,,,,,GAA,,,,,,,,,,GGG,,,,,,,,,,,,ACTT,,,,,,,,,,,,,,,,,,
GQ223228,,,,,,TCCC,,TCTTTCTTCCTTCACTTCCTAAT,,A,,T,A,C,G,TAC,,TTGCGAT,CT,,,,,,,,TTATAGG,,,,,,GAA,,,,,,,,,,GGG,,,,,,,,,,,,ACTT,,,,,,,,,,,,,,,,,C,TA
MZ438010,,,,,,TC,,TCCCC,,C,,C,G,A,G,AC,,GCCTGGC,CT,,,,,,,,GTGAATA,,,,,,GGA,,,,,,,,,,GGA,,,,,,,,,,,,AGA,,,,,,,,,,,,,,,,,TAAC,TAT
OM001346,,,,,,TC,,TTGTTTGTGTATTTCATGT,,A,,T,A,A,,T,,CTGGGTCTC,CCC,,,,AA,,,,TAT,,,,,,ATG,,,,,,,CGC,,,AGT,,,,G,,,,,,,,CAACTGTAGAAA,,,,,,,,,,,,,,TACACA,ATTA,,,
OK539499,,,,,,TC,,TTGTTTGTGTATTTCATGT,,A,,T,A,A,,T,,CTGGGTCTC,CCC,,,,AA,,,,TAT,,,,,,ATG,,,,,,,CGC,,,AGT,,,,G,,,,,,,,CAACTGTAGAAA,,,,,,,,,,,,,,TACACA,ATTA,,,
OK254823,,,,,,TC,,TTGTTTGTGTATTTCATGT,,A,,T,A,A,,T,,CTGGGTCTC,CCC,,,,AT,,,,TAT,,,,,,ATG,,,,,,,CGC,,,AGT,,,,G,,,,,,,,CAACTGTAGAAA,,,,,,,,,,,,,,TACACA,ATTA,,,
MH685695,,,,,,TA,,TCCCCCACTCTTTCTATCATTCTTTTCTT,,C,,C,G,A,TTGGCG,ACC,,CTGGGTTA,CCC,,,,,,,,TATTAAA,,,,,,GAA,,,,,,,,,,GGG,,,,,,,,,,,,AGA,,,,,,,,,,,,,,,,,,
JF317015,,,,,,TA,,TCCCCCACTCTTTCTATCATTCTTTTCTT,,C,,C,G,A,TTGGCG,ACC,,CTGGGTTA,CCC,,,,,,,,TATTAAA,,,,,,GAA,,,,,,,,,,GGG,,,,,,,,,,,,AAA,,,,,,,,,,,,,,TTACC,,,C,TATAAAAAAAAAAAAAAAAAAAAAAAAAAAA
LC428176,,,,,,TATA,,CCTCTTTTCTATCGTCTCCAATT,,A,,T,A,T,G,TTC,,TATCAGC,TC,,,,,,,,AATAGA,,,,,,GAA,,,,,,,,,,GAT,,,,,,,,,,,,AACTCCAAA,,,,,,,,,,,,,,,,,,
KU695562,,,,,,TATA,,CCTCTTTTCTATCGTCTCTAATT,,A,,T,A,T,G,TTC,,TATCAGC,TC,,,,,,,,AAATAGA,,,,,,GAA,,,,,,,,,,GAT,,,,,,,,,,,,AGCTCCAAA,,,,,,,,,,,,,,,,,,
MF775366,,,,,,TATA,,CCTCTTTTCTATCATCTCTAAT,,A,,T,A,T,G,TTC,,TATCAGC,CC,,,,,,,,AAATAGA,,,,,,GTA,,,,,,,,,,GAT,,,,,,,,,,,,AACTCCAGA,,,,,,,,,,,,,,,,,G,
KY369879,,,,,,TATG,,CCTCTTTTCTATCGTCTCCAATT,,A,,T,A,T,G,TTC,,TATCAGC,TC,,,,,,,,AAATAGA,,,,,,GAG,,,,,,,,,,GAT,,,,,,,,,,,,AGCTCCAAA,,,,,,,,,,,,,,,,,G,TA
MK989756,,,,,,A,,CCTCTTTTCTATCACCTCCAATT,,A,,T,A,T,G,TTC,,TATCAGC,TC,,,,,,,,AAATAGA,,,,,,GTG,,,,,,,,,,GAT,,,,,,,,,,,,AGCTCCAAA,,,,,,,,,,,,,,,,,G,TATAAAAAAAAAAAAAAAAAAAAAAAAAAAAAAAAAAAAAAAAAAAAAAAAAAAAAAAAAAAAAAAAAAAAAAAAAAAAAAAAAAAAAAAAAAAAAAAAAAAAAAAAAAAAATAAAAT
ON311168,,,,,,TTACCACCCACCCCAACTTTACT,,ACT,,A,,CT,,A,G,C,,CGAGGC,,CCCTCCAT,,TT,,,,,,,,,,,GAA,,,AACATCCCTAACATCACAGAGTCTACGCAT,,,,CTT,,,AGT,,,,TGG,,,,,,CAC,TTCCCCCAG,,,,,,,,,A,,,,,,,,,T,
MN369038,,,,,,TTACCACCCACCCCAACTTTACT,,ATT,,A,,CC,,A,G,C,,CGAGGT,,CCCTCCAT,,T,,,,,,,,,,,GAA,,,AATATTCCTAACATCACAGAGTCTACACAT,,,,CTT,,,AGC,,,,TGG,,,,,,CAC,TTCCCCTAG,,,,,,,,,A,,,,,,,,,T,
MH685694,,,,,,TTACCACCCACCCCAACTTTACT,,ACT,,A,,CC,,A,G,C,,CGAGGT,,CCCTCCAT,,T,,,,,,,,,,,GAA,,,AATATCCCTAACATTACAGAGTCTACACAT,,,,CTT,,,AGT,,,,TGG,,,,,,CAC,TTCCCCTAG,,,,,,,,,A,,,,,,,,,,
MK989748,,,,,,TTACCACCCACCCCAACTTTACT,,ACT,,A,,CT,,A,G,C,,CGAGGT,,CCCTCCAT,,T,,,,,,,,,,,GGA,,,CAT,,,,CAC,,,AGC,,,,TGG,,,,,,CAC,ATCCCCTAG,,,,,,,,,A,,,,,,,,,T,
LC720414,,,,,,TATACA,,,,A,,C,,G,,C,,TCGGGT,,,,,,,,,TAATTAA,,,,,,CGG,,A,,,,,,,,AAT,,,,,,,,,,,,GTGTTACTA,,,,,,AGA,,,,,,,,,,,,CAAAAAAAAAAAAAAAAAAAAAAAAAAAAAAAAAAAAAAAAAAAAAAAAAAAAAAAAAAAAAAAAAAA
KF734978,,,,,,TATACA,,,,A,,C,,A,,C,,TCGGGT,,,,,,,,,TAGTTGA,,,,,,CAG,,A,,,,,,,,AAT,,,,,,,,,,,,ACATTACTA,,,,,,AGA,,,,,,,,C,,,,C
EF582387,,,,,,TATACA,,,,A,,C,,A,,C,,TCGGGT,,,,,,,,,TAGTTGA,,,,,,CGG,,A,,,,,,,,AAT,,,,,,,,,,,,GCATTACTA,,,,,,AGA,,,,,,,,C,,,,
JN990702,,,,,,TATACA,,,,A,,C,,A,,C,,TCGGGT,,,,,,,,,TAGTTGA,,,,,,CGG,,A,,,,,,,,AAT,,,,,,,,,,,,ATATTACTA,,,,,,AGA,,,,,,,,C,,,,CAAAAAA
JF317016,,,,,,TATACA,,,,A,,C,,A,,C,,TTGGGT,,,,,,,,,TAGTTGA,,,,,,CGG,,A,,,,,,,,AAT,,,,,,,,,,,,ATATTACTA,,,,,,AGA,,,,,,,,T,,,,CAAAAAAAAAAAAAAAAAAAAAAAAAAAAAAAAAAAAAAAAAAAAA
OM001455,,,,,,TATACA,,,,A,,C,,A,,C,,CCGGGT,,,,,,,,,TATCTGA,,,,,,CAG,,G,CA,,,,,,,AAT,,,,,,,,,,,,GTATCACCA,,,,,,AGA,,,,,,,,G,,,,
OK181493,,,,,,TATACA,,,,A,,C,,A,,C,,CCGGGT,,,,,,,,,TATCTGA,,,,,,CAG,,G,CA,,,,,,,AAT,,,,,,,,,,,,GTATCACCA,,,,,,AGA,,,,,,,,G,,,,
OK017949,,,,,,TATACA,,,,A,,C,,A,,C,,CCGGGT,,,,,,,,,TATCTGA,,,,,,CAG,,G,CA,,,,,,,AAT,,,,,,,,,,,,GTATCACCA,,,,,,AGA,,,,,,,,G,,,,
MZ268677,,,,,,TATACA,,,,A,,C,,A,,C,,CCGGGT,,,,,,,,,TATCTGA,,,,,,CAG,,G,CA,,,,,,,AAT,,,,,,,,,,,,GTATCACCA,,,,,,AGA,,,,,,,,G,,,,CA
MZ268693,,,,,,TATACA,,,,A,,C,,A,,C,,CCGGGT,,,,,,,,,TATCTGA,,,,,,CAG,,G,CA,,,,,,,AAT,,,,,,,,,,,,GTATCACCA,,,,,,AGA,,,,,,,,G,,,,CA
MW969525,,,,,,TATACA,,,,A,,C,,A,,C,,CCGGGT,,,,,,,,,TATCTGA,,,,,,CAG,,G,CA,,,,,,,AAT,,,,,,,,,,,,GTATCACCA,,,,,,AGA,,,,,,,,G,,,,CAAAAA
MZ268711,,,,,,TATACA,,,,A,,C,,A,,C,,CCGGGT,,,,,,,,,TATCTGA,,,,,,CAG,,G,CA,,,,,,,AAT,,,,,,,,,,,,GTATCACCA,,,,,,AGA,,,,,,,,G,,,,CA
MZ363436,,,,,,TATACA,,,,A,,C,,A,,C,,CCGGGT,,,,,,,,,TATCTGA,,,,,,CAG,,G,CA,,,,,,,AAT,,,,,,,,,,,,GTATCACCA,,,,,,AGA,,,,,,,,G,,,,
MZ153269,,,,,,TATACA,,,,A,,C,,A,,C,,CCGGGT,,,,,,,,,TATCTGA,,,,,,CAG,,G,CA,,,,,,,AAT,,,,,,,,,,,,GTATCACCA,,,,,,AGA,,,,,,,,G,,,,CA
MZ268688,,,,,,TATACA,,,,A,,C,,A,,C,,CCGGGT,,,,,,,,,TATCTGA,,,,,,CAG,,G,CA,,,,,,,AAT,,,,,,,,,,,,GTATCACCA,,,,,,AGA,,,,,,,,G,,,,CA
MW969523,,,,,,TATACA,,,,A,,C,,A,,C,,CCGGGT,,,,,,,,,TATCTGA,,,,,,CAG,,G,CA,,,,,,,AAT,,,,,,,,,,,,GTATCACCA,,,,,,AGA,,,,,,,,G,,,,
MZ153243,,,,,,TATACA,,,,A,,C,,A,,C,,CCGGGT,,,,,,,,,TATCTGA,,,,,,CAG,,G,CA,,,,,,,AAT,,,,,,,,,,,,GTATCACCA,,,,,,AGA,,,,,,,,G,,,,C
OK161367,,,,,,TATACA,,,,A,,C,,A,,C,,CCGGGT,,,,,,,,,TATCTGA,,,,,,CAG,,G,CA,,,,,,,AAT,,,,,,,,,,,,GTATCACCA,,,,,,AGA,,,,,,,,G,,,,
OK161371,,,,,,TATACA,,,,A,,C,,A,,C,,CCGGGT,,,,,,,,,TATCTGA,,,,,,CAG,,G,CA,,,,,,,AAT,,,,,,,,,,,,GTATCACCA,,,,,,AGA,,,,,,,,G,,,,
OK161378,,,,,,TATACA,,,,A,,C,,A,,C,,CCGGGT,,,,,,,,,TATCTGA,,,,,,CAG,,G,CA,,,,,,,AAT,,,,,,,,,,,,GTATCACCA,,,,,,AGA,,,,,,,,G,,,,
MZ629115,,,,,,TATACA,,,,A,,C,,A,,C,,CCGGGT,,,,,,,,,TATCTGA,,,,,,CAG,,G,CA,,,,,,,AAT,,,,,,,,,,,,GTATCACCA,,,,,,AGA,,,,,,,,G,,,,CA
MZ221154,,,,,,TATACA,,,,A,,C,,A,,C,,CCGGGT,,,,,,,,,TATCTGA,,,,,,CAG,,G,CA,,,,,,,AAT,,,,,,,,,,,,GTATCACCA,,,,,,AGA,,,,,,,,G,,,,
MZ221146,,,,,,TATACA,,,,A,,C,,A,,C,,CCGGGT,,,,,,,,,TATCTGA,,,,,,CAG,,G,CA,,,,,,,AAT,,,,,,,,,,,,GTATCACCA,,,,,,AGA,,,,,,,,G,,,,C
MZ363444,,,,,,TATACA,,,,A,,C,,A,,C,,CCGGGT,,,,,,,,,TATCTGA,,,,,,CAG,,G,TA,,,,,,,AAT,,,,,,,,,,,,GTATCACCA,,,,,,AGA,,,,,,,,G,,,,
MZ363453,,,,,,TATACA,,,,A,,C,,A,,C,,CCGGGT,,,,,,,,,TATCTGA,,,,,,CAG,,G,TA,,,,,,,AAT,,,,,,,,,,,,GTATCACCA,,,,,,AGA,,,,,,,,G,,,,CA
MZ153270,,,,,,TATACA,,,,A,,C,,A,,C,,CCGGGT,,,,,,,,,TATCTGA,,,,,,CAG,,G,TA,,,,,,,AAT,,,,,,,,,,,,GTATCACCA,,,,,,AGA,,,,,,,,G,,,,CAAA
MZ153271,,,,,,TATACA,,,,A,,C,,A,,C,,CCGGGT,,,,,,,,,TATCTGA,,,,,,CAG,,G,TA,,,,,,,AAT,,,,,,,,,,,,GTATCACCA,,,,,,AGA,,,,,,,,G,,,,C
MZ322929,,,,,,TATACA,,,,A,,C,,A,,C,,CCGGGT,,,,,,,,,TATCTGA,,,,,,CAG,,G,CA,,,,,,,AAT,,,,,,,,,,,,GTATCACCA,,,,,,AGA,,,,,,,,G,,,,CA
MZ153250,,,,,,TATACA,,,,A,,C,,A,,C,,CCGGGT,,,,,,,,,TATCTGA,,,,,,CAG,,G,CA,,,,,,,AAT,,,,,,,,,,,,GTATCACCA,,,,,,AGA,,,,,,,,G,,,,CAA
MZ268652,,,,,,TATACA,,,,A,,C,,A,,C,,CCGGGT,,,,,,,,,TATCTGA,,,,,,CAG,,G,CA,,,,,,,AAT,,,,,,,,,,,,GTATCACCA,,,,,,AGA,,,,,,,,G,,,,C
MZ153256,,,,,,TATACA,,,,A,,C,,A,,C,,CCGGGT,,,,,,,,,TATCTGA,,,,,,CAG,,G,CA,,,,,,,AAT,,,,,,,,,,,,GTATCACCA,,,,,,AGA,,,,,,,,G,,,,
MZ460687,,,,,,TATACA,,,,A,,C,,A,,C,,CCGGGT,,,,,,,,,TATCTGA,,,,,,CAG,,G,CA,,,,,,,AAT,,,,,,,,,,,,GTATCACCA,,,,,,AGA,,,,,,,,G,,,,
MZ268662,,,,,,TATACA,,,,A,,C,,A,,C,,CCGGGT,,,,,,,,,TATCTGA,,,,,,CAG,,G,CA,,,,,,,AAT,,,,,,,,,,,,GTATCACCA,,,,,,AGA,,,,,,,,G,,,,CA
MZ427505,,,,,,TATACA,,,,A,,C,,A,,C,,CCGGGT,,,,,,,,,TATCTGA,,,,,,CAG,,G,CA,,,,,,,AAT,,,,,,,,,,,,GTATCACCA,,,,,,AGA,,,,,,,,G,,,,
MZ460691,,,,,,TATACA,,,,A,,C,,A,,C,,CCGGGT,,,,,,,,,TATCTGA,,,,,,CAG,,G,CA,,,,,,,AAT,,,,,,,,,,,,GTATCACCA,,,,,,AGA,,,,,,,,G,,,,CA
MZ268717,,,,,,TATACA,,,,A,,C,,A,,C,,CCGGGT,,,,,,,,,TATCTGA,,,,,,CAG,,G,CA,,,,,,,AAT,,,,,,,,,,,,GTATCACCA,,,,,,AGA,,,,,,,,G,,,,CA
MZ268691,,,,,,TATACA,,,,A,,C,,A,,C,,CCGGGT,,,,,,,,,TATCTGA,,,,,,CAG,,G,CA,,,,,,,AAT,,,,,,,,,,,,GTATCACCA,,,,,,AGA,,,,,,,,G,,,,CA
MW969524,,,,,,TATACA,,,,A,,C,,A,,C,,CCGGGT,,,,,,,,,TATCTGA,,,,,,CAG,,G,CA,,,,,,,AAT,,,,,,,,,,,,GTATCACCA,,,,,,AGA,,,,,,,,G,,,,C
OL961537,,,,,,TATACA,,,,A,,C,,A,,C,,TCGGGT,,,,,,,,,TATCTGA,,,,,,CAG,,G,CA,,,,,,,AAT,,,,,,,,,,,,GTATTACCA,,,,,,AGA,,,,,,,,G,,,,CA
OK017931,,,,,,TATACA,,,,A,,C,,A,,C,,TCGGGT,,,,,,,,,TATCTGA,,,,,,CAG,,G,CA,,,,,,,AAT,,,,,,,,,,,,GTATTACCA,,,,,,AGA,,,,,,,,G,,,,CA
EF186077,,,,,,TATACA,,,,A,,C,,A,,C,,CCGGGT,,,,,,,,,TATCTGA,,,,,,CAG,,G,CG,,,,,,,AAT,,,,,,,,,,,,GTATCACTA,,,,,,AAA,,,,,,,,G,,,,TAAAAAAAAAAAAAAAAAAAAAAAAAAAAAAAAAAAAAAAAAA
LC699425,,,,,,TAGACA,,,,A,,C,,A,,C,,CCGGGT,,,,,,,,,TATCTGA,,,,,,CAG,,G,CA,,,,,,,AAT,,,,,,,,,,,,GTATTACCA,,,,,,AGA,,,,,,,,G,,,,
MN228693,,,,,,TATATA,,,,A,,C,,A,,C,,CCGGGT,,,,,,,,,TATCTGA,,,,,,CAG,,G,CA,,,,,,,AAT,,,,,,,,,,,,GTATTACCA,,,,,,AGA,,,,,,,,G,,,,
KP890662,,,,,,TATAAC,,,CA,A,,C,,A,,C,,TCGGGT,,,,,,,,,TAGATAC,,,,,,CAA,,A,,,CCCAG,,,,,AAT,,,,,,,,,,,,A,,,,,,AGA,,,,,,,,,,,,C
JN205461,,,,,,TATAAC,T,,,A,,A,,A,,C,CG,ACAGGGT,,,,,,,,,TATGAAA,,,,CAC,,CTA,,,CAGACA,,,,,,,ACA,,,,,,,,,AAT,,,A,,,,,,AGT,,,,,,,,AGAAT,,,,TAAAAAAAAAAAAAAAA
GQ323774,,,,,,TATAAA,,,,A,,C,,A,,C,,TGGGGT,,,,,,,,,TAATTCAT,,,,,,CCA,,A,,,,,,,,AAT,,,,,,,,,,,,C,,,,,,AGA,,,,,,,,,,,,
OM001408,,,,,,TATCTT,,,,T,,C,,A,,C,,TGGGT,,,,,,,,,TAGTTA,,,,,,CCA,,G,GC,,,,,,,AAC,,,,,,,,,,,,A,,,,,,AAA,,,,,,,,,,,,C
OM001451,,,,,,TATCTT,,,,T,,C,,A,,C,,TGGGT,,,,,,,,,TAGTTA,,,,,,CCA,,G,GC,,,,,,,AAC,,,,,,,,,,,,A,,,,,,AAA,,,,,,,,,,,,C
OK254850,,,,,,TATCTT,,,,T,,C,,A,,C,,TGGGT,,,,,,,,,TAGTTA,,,,,,CCA,,G,GC,,,,,,,AAC,,,,,,,,,,,,A,,,,,,AAA,,,,,,,,,,,,C
OM001438,,,,,,TATCTT,,,,T,,C,,A,,C,,TGGGT,,,,,,,,,TAGTTA,,,,,,CCA,,G,GC,,,,,,,AAC,,,,,,,,,,,,A,,,,,,AAG,,,,,,,,,,,,C
OK181501,,,,,,TATCTT,,,,T,,C,,A,,C,,TGGGT,,,,,,,,,TAGTTA,,,,,,CCA,,G,GC,,,,,,,AAC,,,,,,,,,,,,A,,,,,,AAG,,,,,,,,,,,,C
DQ875932,,,,,,TATCTT,,,,T,,C,,A,,C,,TGGGT,,,,,,,,,TAGCTA,,,,,,CCA,,G,GC,,,,,,,AAT,,,,,,,,,,,,A,,,,,,AAA,,,,,,,,,,,,T
JN837689,,,,,,TCTCCC,,,,T,,T,,A,,C,,TGGGT,,,,,,,,,TAGCCA,,,,,,CCA,,G,GC,,,,,,,AAT,,,,,,,,,,,,A,,,,,,AAA,,,,,,,,,,,,
KJ675507,,,,,,TATCTC,G,,,A,,C,,A,,C,,ATCGGGT,,,,,,,,,TGCAATT,,,,,,CTG,,G,CA,,,,,,,GCT,,,,,GGA,,TTT,,,,,A,,,,,,AAA,,,,,,,,TTTCTTTAAT,,,,T
ON311175,,,,,,TATCTC,A,,,A,T,T,,A,,A,CA,ACGGGT,,,,,,,,,TATGATC,,,,,,CTG,,AGC,CAAACT,,,,,,,AAT,,,,,,,,,,,,G,,,,,,AGC,,,,,,,,TAGATTCTAC,,,,
ON311176,,,,,,TATCTC,A,,,A,T,T,,A,,A,CA,ACGGGT,,,,,,,,,TATGATC,,,,,,CTG,,AGC,CAAACT,,,,,,,AAT,,,,,,,,,,,,G,,,,,,AGC,,,,,,,,TAGATTCTAC,,,,
ON311177,,,,,,TATCTC,A,,,A,T,T,,A,,A,CA,ACGGGT,,,,,,,,,TATGATC,,,,,,CTG,,AGC,CAAACT,,,,,,,AAT,,,,,,,,,,,,G,,,,,,AGC,,,,,,,,TAGATTCTAC,,,,
OL961524,,,,,,TATCTC,A,,,A,T,T,,A,,A,CA,ACGGGT,,,,,,,,,TATGATC,,,,,,CTG,,AGC,CAAACT,,,,,,,AAT,,,,,,,,,,,,G,,,,,,AGC,,,,,,,,TAGATTCTAC,,,,T
MZ540944,,,,,,TATCTC,A,,,A,T,T,,A,,A,CA,ACGGGT,,,,,,,,,TATGATC,,,,,,CTG,,AGC,CAAACT,,,,,,,AAT,,,,,,,,,,,,G,,,,,,AGC,,,,,,,,,,,,
MZ363449,,,,,,TATCTC,A,,,A,T,T,,A,,A,CA,ACGGGT,,,,,,,,,TATGATC,,,,,,CTG,,AGC,CAAACT,,,,,,,AAT,,,,,,,,,,,,G,,,,,,AGC,,,,,,,,,,,,
OL961531,,,,,,TATCTC,A,,,A,T,T,,A,,A,CA,ACGGGT,,,,,,,,,TATGATC,,,,,,CTG,,AGC,CAAACT,,,,,,,AAT,,,,,,,,,,,,G,,,,,,AGC,,,,,,,,TAGATTCTAC,,,,
MZ268695,,,,,,TATCTC,A,,,A,T,T,,A,,A,CA,ACGGGT,,,,,,,,,TATGATC,,,,,,CTG,,AGC,CAAACT,,,,,,,AAT,,,,,,,,,,,,G,,,,,,AGC,,,,,,,,,,,,
MW969536,,,,,,TATCTC,A,,,A,T,T,,A,,A,CA,ACGGGT,,,,,,,,,TATGATC,,,,,,CTG,,AGC,CAAACT,,,,,,,AAT,,,,,,,,,,,,G,,,,,,AGC,,,,,,,,TAGATTCTAC,,,,TAA
MZ153286,,,,,,TATCTC,A,,,A,T,T,,A,,A,CA,ACGGGT,,,,,,,,,TATGATC,,,,,,CTG,,AGC,CAAACT,,,,,,,AAT,,,,,,,,,,,,G,,,,,,AGC,,,,,,,,,,,,
MZ268675,,,,,,TATCTC,A,,,A,T,T,,A,,A,CA,ACGGGT,,,,,,,,,TATGATC,,,,,,CTG,,AGC,CAAACT,,,,,,,AAT,,,,,,,,,,,,G,,,,,,AGC,,,,,,,,,,,,
OK161404,,,,,,TATCC,,,,A,,C,,A,,C,,CGGGAT,,,,,,,,,TACAGTA,,,,,,CCG,,G,CC,,,,,,,AAC,,,,,,,,,,,,A,,,,,,AAT,,,,,,,,ATTTCTACCCTTA,,,,
KY369878,,,,,,TATCAC,,,,A,,C,,A,,C,,CGGGAT,,,,,,,,,TACAGTA,,,,,,CCG,,G,CC,,,,,,,AAC,,,,,,,,,,,,A,,,,,,AAT,,,,,,,,ATTTCTACCCTTA,,,,
MK520815,,,,,,TATAAT,T,,,A,,A,,A,,C,CG,ATAGGGT,,,,,,,,,TATGAAA,,,,CAC,,CCA,,,CAGACA,,,,,,,ACA,,,,,,,,,ACC,,,A,,,,,,AGT,,,,,,,,AACTT,,,,
KY348786,,,,,,AAT,T,,,A,,A,,A,,C,CG,ATAGGGT,,,,,,,,,TATGAAA,,,,CAC,,CCA,,,CAGACA,,,,,,,ACA,,,,,,,,,ACC,,,A,,,,,,AGT,,,,,,,,AACTT,,,,
JN798581,,,,,,TATACC,T,,,A,,A,,A,,C,CG,ACGGGGC,,,,,,,,,TATGAAA,,,,CAC,,CCA,,,CAGACA,,,,,,,ACA,,,,,,,,,ACC,,,A,,,,,,AGT,,,,,,,,,,,,
MZ153284,,,,,,,C,TCCC,,A,,A,G,A,,CC,,TACGGGG,TG,ACA,,,,,,,TTATCAGT,,,,,,GGT,CAC,,AACT,,,,,TCT,GGTGAG,GGT,,,,,,,,AAC,,ATGACA,ATCC,,,,,,,,,,,,,,,,,,,TAAAA
JN621242,,,,,,,A,,,A,,C,,A,,C,,ATCGGGT,,,,,,,,,TGCAATT,,,,,,CTG,,G,CG,,,,,,,GCT,,,,,GGA,,TTT,,,,,A,,,,,,AAA,,,,,,,,,,,,
JQ994498,,,,,,,T,,,A,,A,,A,,C,CG,ACGGGGT,,,,,,,,,TATGAAA,,,,CAC,,CCA,,,CAGACA,,,,,,,ACA,,,,,,,,,ACC,,,A,,,,,,AAT,,,,,,,,,,,,
ON729340,,,,,,,,TCCCCC,,A,,C,,T,T,AC,,CTTGGG,,,,,,,,,GATAAGTA,,,,,,GCA,,,,,,,,GGC,,TCT,CCA,AATGAT,,,,,,,,,,CAACATATCCACTCGTTT,,,,,,,,,,,,,,,,,,
ON311150,,,,,,,,CCCCCC,,A,,C,,T,T,AC,,CTTGGG,,,,,,,,,GATAAGTA,,,,,,GCA,,,,,,,,GGC,,TCT,CCA,AATGAT,,,,,,,,,,CAACATATCCACTCGTTT,,,,,,,,,,,,,,,,,C,
MZ268682,,,,,,,,CCCCCC,,A,,C,,T,T,AC,,CTTGGG,,,,,,,,,GATAAGTA,,,,,,GCA,,,,,,,,GGC,,TCT,CCA,AATGAT,,,,,,,,,,CAACATATCCACTCGTTT,,,,,,,,,,,,,,,,,C,TAAAA
MW802583,,,,,,,,CCCCCC,,A,,C,,T,T,AC,,CTTGGG,,,,,,,,,GATAAGTA,,,,,,GCA,,,,,,,,GGC,,TCT,CCA,AATGAT,,,,,,,,,,CAACATATCCACTCGTTT,,,,,,,,,,,,,,,,,C,
MZ363435,,,,,,,,CCCCCC,,A,,C,,T,T,AC,,CTTGGG,,,,,,,,,GATAAGTA,,,,,,GCA,,,,,,,,GGC,,TCT,CCA,AATGAT,,,,,,,,,,CAACATATCCACTCGTTT,,,,,,,,,,,,,,,,,C,
MW969528,,,,,,,,CCCCCC,,A,,C,,T,T,AC,,CCTGGG,,,,,,,,,GATAAGTA,,,,,,GCA,,,,,,,,GGT,,TCT,CCA,AATGAT,,,,,,,,,,CAACATATCCACTCGTTT,,,,,,,,,,,,,,,,,C,TAAAA
MN163128,,,,,,,,CCCCCC,,A,,C,,T,T,AC,,CTTGGG,,,,,,,,,GATAAGTA,,,,,,GCA,,,,,,,,GGC,,TCT,CCA,AATGAT,,,,,,,,,,CAACATATCCACTCGTTT,,,,,,,,,,,,,,,,,C,
MG950178,,,,,,,,CCCCCC,,A,,C,,T,T,AC,,CTTGGG,,,,,,,,,GATAAGTA,,,,,,GCA,,,,,,,,GGC,,TCT,CCA,AATGAT,,,,,,,,,,CAACATATCCACTCGTTT,,,,,,,,,,,,,,,,,C,
MG950179,,,,,,,,CCCCCC,,A,,C,,T,T,AC,,CTTGGG,,,,,,,,,GACAAGTA,,,,,,GCA,,,,,,,,GGC,,TCT,TCA,AATGAT,,,,,,,,,,CAACATATCCACTCGTTT,,,,,,,,,,,,,,,,,C,
MZ153255,,,,,,,,CCCCCC,,A,,A,G,A,,CC,,TACGGGG,TG,ACA,,,,,,,TTATCAGT,,,,,,GGT,CAC,,AACT,,,,,TCT,GGTGAA,GGC,,,,,,,,AAC,,ATGACA,ATCT,,,,,,,,,,,,,,,,,,,TA
MZ268726,,,,,,,,CCCCCCC,,A,,C,,T,T,AC,,CTTGGG,,,,,,,,,GATAAGTA,,,,,,GCA,,,,,,,,GGC,,TCT,CCA,AATGAT,,,,,,,,,,CAACATATCCACTCGTTT,,,,,,,,,,,,,,,,,C,TAAA
MZ363428,,,,,,,,CCCCCCC,,A,,C,,T,T,AC,,CTTGGG,,,,,,,,,GATAAGTA,,,,,,GCA,,,,,,,,GGC,,TCT,CCA,AATGAT,,,,,,,,,,CAACATATCCACTCGTTT,,,,,,,,,,,,,,,,,C,TAAA
MZ322916,,,,,,,,CCCCCCC,,A,,C,,T,T,AC,,CTTGGG,,,,,,,,,GATAAGTA,,,,,,GCA,,,,,,,,GGC,,TCT,CCA,AATGAT,,,,,,,,,,CAACATATCCACTCGTTT,,,,,,,,,,,,,,,,,C,
MZ363467,,,,,,,,CCCCCCC,,A,,C,,T,T,AC,,CTTGGG,,,,,,,,,GATAAGTA,,,,,,GCA,,,,,,,,GGT,,TCT,CCA,AATGAT,,,,,,,,,,CAACATATCCACTCGTTT,,,,,,,,,,,,,,,,,C,TAAA
MZ268729,,,,,,,,CCCCCCC,,A,,C,,T,T,AC,,CCTGGG,,,,,,,,,CATAAGTA,,,,,,GCA,,,,,,,,GGC,,TCT,CCA,AATGAT,,,,,,,,,,CAACATACCCACTCGTTT,,,,,,,,,,,,,,,,,C,TAAA
MZ153279,,,,,,,,CCCCCCC,,A,,C,,T,T,AC,,CTTGGG,,,,,,,,,CATAAGTA,,,,,,GCA,,,,,,,,GGC,,TCT,CCA,AATGAT,,,,,,,,,,CAACATACCCACTCGTTT,,,,,,,,,,,,,,,,,C,TAAA
MZ629123,,,,,,,,CCCCCCC,,A,,C,,T,T,AC,,CTTGGG,,,,,,,,,CATAAGTA,,,,,,GCA,,,,,,,,GGC,,TCT,CCA,AATGAT,,,,,,,,,,CAACATACCCACTCGTTT,,,,,,,,,,,,,,,,,C,T
MW679009,,,,,,,,CCCCC,,A,,C,,T,T,AC,,CTTGGG,,,,,,,,,GATAAGTA,,,,,,GCA,,,,,,,,GGC,,TCT,CCA,AATGAT,,,,,,,,,,CAACATATCCACTCGTTT,,,,,,,,,,,,,,,,,,
MZ268710,,,,,,,,CCCCC,,A,,A,G,A,,CC,,TACGGGG,TG,ACA,,,,,,,TTATCAGT,,,,,,GGT,CAC,,AACT,,,,,TCT,GGTGAA,GGC,,,,,,,,AAT,,ATGACA,ATCT,,,,,,,,,,,,,,,,,,,
MZ268724,,,,,,,,CCCCCT,,A,,C,,T,T,AC,,CTTGGG,,,,,,,,,GATAAGTA,,,,,,GCA,,,,,,,,GGC,,TCT,CCA,AATGAT,,,,,,,,,,CAACATATCCACTCGTTT,,,,,,,,,,,,,,,,,C,
MW969529,,,,,,,,CCCCCT,,A,,C,,T,T,AC,,CTTGGG,,,,,,,,,GATAAGTA,,,,,,GCA,,,,,,,,GGC,,TCT,CCA,AATGAT,,,,,,,,,,CAACATATCCACTCGTTT,,,,,,,,,,,,,,,,,C,
LC428177,,,,,,,,TCCACC,,T,,C,,T,T,TT,,TTAGGG,,,,,,,,,GACAAGTG,,,,,,GTA,,,,,,,,AGT,,TCT,TCA,AATGAT,,,,,,,,,,CAACATACCCACTTGCAA,,,,,,,,,,,,,,,,,,
ON311163,,,,,,,,TACCCC,,A,,C,,T,T,AA,,CTTGGG,,,,,,,,,AATAAATA,,,,,,GCT,,,,,,,,GGT,,TCA,AGG,AATGAC,,,,,,,,,,,,,,,,,,,,,,,,,,,C,T
OK017915,,,,,,,,CACCCC,,A,,C,,T,T,AA,,CTTGGG,,,,,,,,,AATAAATA,,,,,,GCT,,,,,,,,GGT,,TCA,AGG,AATGAT,,,,,,,,,,,,,,,,,,,,,,,,,,,C,T
ON311178,,,,,,,,ACCCCC,,A,,C,,C,T,AC,,CTTGGG,,,,,,,,,GATTA,,,,,,GCA,,,,,,,,ACC,,,CCA,AATGAC,,,,,,,,,,,,,,,,,,,,,,,,,,,C,TA
MZ268648,,,,,,,,ACCCCC,,A,,C,,C,T,AC,,CTTGGG,,,,,,,,,GATTA,,,,,,GTA,,,,,,,,ACC,,,CCA,AATGAC,,,,,,,,,,,,,,,,,,,,,,,,,,,C,TAT
MZ363442,,,,,,,,ACCCCC,,A,,C,,C,T,AC,,CTTGGG,,,,,,,,,GATTA,,,,,,GCA,,,,,,,,ACC,,,CCA,AATGAC,,,,,,,,,,,,,,,,,,,,,,,,,,,C,TAA
MZ363454,,,,,,,,ACCCCC,,A,,C,,C,T,AC,,CTTGGG,,,,,,,,,GATTA,,,,,,GCA,,,,,,,,ACC,,,CCA,AATGAC,,,,,,,,,,,,,,,,,,,,,,,,,,,C,TA
KY189316,,,,,,,,ACCCCC,,A,,C,,C,T,AC,,TTTGGG,,,,,,,,,GATTA,,,,,,GTA,,,,,,,,ACC,,,CCA,AATGAC,,,,,,,,,,,,,,,,,,,,,,,,,,,C,TAT
GQ223227,,,,,,,,ACCCCC,,A,,C,,T,T,AC,,TTTGGG,,,,,,,,,GATTA,,,,,,GCA,,,,,,,,ACC,,,TCA,AATGAT,,,,,,,,,,,,,,,,,,,,,,,,,,,C,TAC
OL365068,,,,,,,,CCCC,,A,,C,,T,T,AC,,TCTGGG,,,,,,,,,AGTTA,,,,,,GTA,,,,,,,,ACC,,,TCA,AATGAC,,,,,,,,,,,,,,,,,,,,,,,,,,,C,TAAA
OK181487,,,,,,,,CCCC,,A,,C,,T,T,AC,,TCTGGG,,,,,,,,,AGTTA,,,,,,GTA,,,,,,,,ACC,,,TCA,AATGAC,,,,,,,,,,,,,,,,,,,,,,,,,,,C,TAAA
MZ268656,,,,,,,,CCCC,,A,,C,,T,T,AC,,TCTGGG,,,,,,,,,AGTTA,,,,,,GCA,,,,,,,,ACC,,,TCA,AATGAC,,,,,,,,,,,,,,,,,,,,,,,,,,,C,TAAA
MZ153252,,,,,,,,CCCC,,A,,C,,T,T,AC,,TCTGGG,,,,,,,,,AGTTA,,,,,,GCA,,,,,,,,ACC,,,TCA,AATGAC,,,,,,,,,,,,,,,,,,,,,,,,,,,C,TAAA
KY189320,,,,,,,,CCCC,,A,,C,,T,T,AC,,TCTGGG,,,,,,,,,AGTTA,,,,,,GCA,,,,,,,,ACC,,,TCA,AATGAC,,,,,,,,,,,,,,,,,,,,,,,,,,,C,TAAA
OM001465,,,,,,,,CCCC,,A,,A,G,A,,CC,,CTCGGGG,TG,ACA,,,,,,,TTATCAGT,,,,,,GAT,CAC,,AACC,,,,,TCT,GGTGAG,GGC,,,,,,,,AAC,,ATGACA,AACT,,,,,,,,,,,,,,,,,,,TAAA
OK254853,,,,,,,,CCCC,,A,,A,G,A,,CC,,CTCGGGG,TG,ACA,,,,,,,TTATCAGT,,,,,,GAT,CAC,,AACC,,,,,TCT,GGTGAG,GGC,,,,,,,,AAC,,ATGACA,AACT,,,,,,,,,,,,,,,,,,,TAAA
MZ629171,,,,,,,,CCCC,,A,,A,G,A,,CC,,CTCGGGG,TG,ACA,,,,,,,TTATCAGT,,,,,,GAT,CAC,,AACC,,,,,TCT,GGTGAG,GGC,,,,,,,,AAC,,ATGACA,AACT,,,,,,,,,,,,,,,,,,,TAAA
OK017944,,,,,,,,CCCC,,A,,A,G,A,,CC,,CTCGGGG,TG,ACA,,,,,,,TTATCAGT,,,,,,GAT,CAC,,AACC,,,,,TCT,GGCGAG,GGC,,,,,,,,AAC,,ATGACA,AACT,,,,,,,,,,,,,,,,,,,TAAA
MZ363458,,,,,,,,CCCC,,A,,A,G,A,,CC,,CTCGGGG,TG,ACA,,,,,,,TTATCAGT,,,,,,GAT,CAC,,AACC,,,,,TCT,GGTGAG,GGC,,,,,,,,AAC,,ATGACA,GACT,,,,,,,,,,,,,,,,,,,TAAA
MZ363462,,,,,,,,CCCC,,A,,A,G,A,,CC,,CTCGGGG,TG,ACA,,,,,,,TTATCAGT,,,,,,GAT,CAC,,AACC,,,,,TCT,GGTGAG,GGC,,,,,,,,AAC,,ACGACA,GACT,,,,,,,,,,,,,,,,,,,TAAA
MZ153244,,,,,,,,CCCC,,A,,A,G,A,,CC,,CTCGGGG,TG,ACA,,,,,,,TTATCAGT,,,,,,GAT,CAC,,AACC,,,,,TCT,GGTGAG,GGC,,,,,,,,AAC,,ATGACA,GACT,,,,,,,,,,,,,,,,,,,TAAA
MZ363441,,,,,,,,CCCC,,A,,A,G,A,,CC,,CTCGGGG,TG,ACA,,,,,,,TTATCAGT,,,,,,GAT,CAC,,AACC,,,,,TCT,GGTGAG,GGC,,,,,,,,AAC,,ATGACA,AACT,,,,,,,,,,,,,,,,,,,TAAA
ON311276,,,,,,,,CCC,,T,,C,,C,T,AC,,CTGAG,,,,,,,,,AAATCGTA,,,,,,GCA,,,CAC,,,,,CCTGCT,,ACC,TGT,AATGAT,,,,,,,,,,,,,,,,,,,,,,,,,,,C,TAAAAAAAAAAAAAAA
MZ670590,,,,,,,,CCC,,T,,C,,C,T,AC,,CTGAG,,,,,,,,,AAATCGTA,,,,,,GCA,,,CAC,,,,,CCTGCT,,ACC,TGT,AATGAT,,,,,,,,,,,,,,,,,,,,,,,,,,,C,T
MZ363447,,,,,,,,CCC,,T,,C,,C,T,AC,,CTGAG,,,,,,,,,AAATCGTA,,,,,,GCA,,,CAC,,,,,CCTGCT,,ACC,TGT,AATGAT,,,,,,,,,,,,,,,,,,,,,,,,,,,C,TAAAAAAAAAAAAAAA
MZ221153,,,,,,,,CCC,,T,,C,,C,T,AC,,CTGAG,,,,,,,,,AAATCGTA,,,,,,GCA,,,CAC,,,,,CCTGCT,,ACC,TGT,AATGAT,,,,,,,,,,,,,,,,,,,,,,,,,,,C,T
MZ153281,,,,,,,,CCC,,T,,C,,C,T,AC,,CTGAG,,,,,,,,,AAATCGTA,,,,,,GCA,,,CAC,,,,,CCTGCT,,ACC,TGT,AATGAT,,,,,,,,,,,,,,,,,,,,,,,,,,,C,T
MZ363451,,,,,,,,CCC,,T,,C,,C,T,AC,,CTGAG,,,,,,,,,AAATCGTA,,,,,,GCA,,,CAC,,,,,CCTGCT,,ACC,TGT,AATGAT,,,,,,,,,,,,,,,,,,,,,,,,,,,C,
OL365070,,,,,,,,CCC,,T,,C,,C,T,AC,,CTGAG,,,,,,,,,AAATCGTA,,,,,,GCA,,,CAC,,,,,CCTGCT,,ACC,TGT,AATGAT,,,,,,,,,,,,,,,,,,,,,,,,,,,C,T
MZ460682,,,,,,,,CCC,,T,,C,,C,T,AC,,CTGAG,,,,,,,,,AAATCGTA,,,,,,GCA,,,CAC,,,,,CCTGCT,,ACC,TGT,AATGAT,,,,,,,,,,,,,,,,,,,,,,,,,,,C,TAAAAAAAAAAAAAAA
MZ268739,,,,,,,,CCC,,T,,C,,C,T,AC,,CTGAG,,,,,,,,,AAATCGTA,,,,,,GCA,,,CAC,,,,,CCTGCT,,ACC,TGT,AATGAT,,,,,,,,,,,,,,,,,,,,,,,,,,,C,TAAAAAAAAAAAAAAA
MZ460695,,,,,,,,CCC,,T,,C,,C,T,AC,,CTGAG,,,,,,,,,AAATCGTA,,,,,,GCA,,,CAC,,,,,CCTGCT,,ACC,TGT,AATGAT,,,,,,,,,,,,,,,,,,,,,,,,,,,C,TAAAAAAAAAAAAAAA
MZ460700,,,,,,,,CCC,,T,,C,,C,T,AC,,CTGAG,,,,,,,,,AAATCGTA,,,,,,GCA,,,CAC,,,,,CCTGCT,,ACC,TGT,AATGAT,,,,,,,,,,,,,,,,,,,,,,,,,,,C,TAAAAAAAAAAAAAAA
MZ268731,,,,,,,,CCC,,T,,C,,C,T,AC,,CTGAG,,,,,,,,,AAATCGTA,,,,,,GCA,,,CAC,,,,,CCTGCT,,ACC,TGT,AATGAT,,,,,,,,,,,,,,,,,,,,,,,,,,,C,TAAAAAAAAAAA
MZ363464,,,,,,,,CCC,,T,,C,,C,T,AC,,CTGAG,,,,,,,,,AAATCGTA,,,,,,GCA,,,CAC,,,,,CCTGCT,,ACC,TGT,AATGAT,,,,,,,,,,,,,,,,,,,,,,,,,,,C,TAAAAAAAAAAAAAAA
MZ268734,,,,,,,,CCC,,T,,C,,C,T,AC,,CTGAG,,,,,,,,,AAATCGTA,,,,,,GCA,,,CAC,,,,,CCTGCT,,ACC,TGT,AATGAT,,,,,,,,,,,,,,,,,,,,,,,,,,,C,TAAAAAAAAAAAAAAA
MZ153258,,,,,,,,CCC,,T,,C,,C,T,AC,,CTGAG,,,,,,,,,AAATCGTA,,,,,,GCA,,,CAC,,,,,CCTGCT,,ACC,TGT,AATGAT,,,,,,,,,,,,,,,,,,,,,,,,,,,C,T
MZ268699,,,,,,,,CCC,,T,,C,,C,T,AC,,CTGAG,,,,,,,,,AAATCATA,,,,,,GCA,,,CAC,,,,,CCTGCT,,ACC,TGT,AATGAT,,,,,,,,,,,,,,,,,,,,,,,,,,,C,TAAAAAAAAAAAAAAA
OK017945,,,,,,,,CCC,,T,,C,,C,T,AC,,CTGAG,,,,,,,,,AAATCGTA,,,,,,GCA,,,CAC,,,,,CCTGCT,,ACC,TGT,AATGAT,,,,,,,,,,,,,,,,,,,,,,,,,,,C,TAAAAAAAAAAAAAAA
MZ268712,,,,,,,,CCC,,T,,C,,C,T,AC,,CTGAG,,,,,,,,,AAATCGTA,,,,,,GCA,,,CAC,,,,,CCTGCT,,ACC,TGT,AATGAT,,,,,,,,,,,,,,,,,,,,,,,,,,,C,TAAAAAAAAAAAAAAA
MZ460692,,,,,,,,CCC,,T,,C,,C,T,AT,,CTGAG,,,,,,,,,AAATCGTA,,,,,,GCA,,,CAC,,,,,CCTGCT,,ACC,TGT,AATGAT,,,,,,,,,,,,,,,,,,,,,,,,,,,C,TAAAAAAAAAAAAAAA
MZ363439,,,,,,,,CCC,,T,,C,,C,T,AC,,CTGAG,,,,,,,,,AAATCGTA,,,,,,GCA,,,CAC,,,,,CCTGCT,,ACC,TGT,AATGAT,,,,,,,,,,,,,,,,,,,,,,,,,,,C,TAAAAAAAAAAAAAAA
ON311277,,,,,,,,CCC,,T,,C,,C,T,AC,,CTGAG,,,,,,,,,AAATCGTA,,,,,,GCA,,,CAC,,,,,CCTGCT,,ACC,TGT,AATGAT,,,,,,,,,,,,,,,,,,,,,,,,,,,C,TAAAAAAAAAAAAAAA
ON311279,,,,,,,,CCC,,T,,C,,C,T,AC,,CTGAG,,,,,,,,,AAATCGTA,,,,,,GCA,,,CAC,,,,,CCTGCT,,ACC,TGT,AATGAT,,,,,,,,,,,,,,,,,,,,,,,,,,,C,TAAAAAAAAAAAAAAA
ON311278,,,,,,,,CCC,,T,,C,,C,T,AC,,CTGAG,,,,,,,,,AAATCGTA,,,,,,GCA,,,CAC,,,,,CCTGCT,,ACC,TGT,AATGAT,,,,,,,,,,,,,,,,,,,,,,,,,,,C,
MZ268721,,,,,,,,CCC,,T,,C,,C,T,AC,,CTGAG,,,,,,,,,AAATCGTA,,,,,,GCA,,,CAC,,,,,CCTGCT,,ACC,TGT,AATGAT,,,,,,,,,,,,,,,,,,,,,,,,,,,C,
MZ153261,,,,,,,,CCC,,T,,C,,C,T,AC,,CTGAG,,,,,,,,,AAATCGTA,,,,,,GCA,,,CAC,,,,,CCTGCT,,ACC,TGT,AATGAT,,,,,,,,,,,,,,,,,,,,,,,,,,,C,TAAAAAAAAAAAAAAA
MZ363424,,,,,,,,CCC,,T,,C,,C,T,AC,,CTGAG,,,,,,,,,AAATCGTA,,,,,,GCA,,,CAC,,,,,CCTGCT,,ACC,TGT,AATGAT,,,,,,,,,,,,,,,,,,,,,,,,,,,C,TAAAAAAAAAAAAAAA
OK017955,,,,,,,,CCC,,T,,C,,C,T,AC,,CTGAG,,,,,,,,,AAATCGTA,,,,,,GCA,,,CAC,,,,,CCTGCT,,ACC,TGT,AATGAT,,,,,,,,,,,,,,,,,,,,,,,,,,,C,TAAAAAAAAAAAAAAA
MZ629165,,,,,,,,CCC,,T,,C,,C,T,AC,,CTGAG,,,,,,,,,AAATCGTA,,,,,,GCA,,,CAC,,,,,CCTGCT,,ACC,TGT,AATGAT,,,,,,,,,,,,,,,,,,,,,,,,,,,C,TAAAAAAAAAAAAAAA
MZ363427,,,,,,,,CCC,,T,,C,,C,T,AC,,CTGAG,,,,,,,,,AAATCATA,,,,,,GCA,,,CAC,,,,,CCTGCT,,ACC,TGT,AATGAT,,,,,,,,,,,,,,,,,,,,,,,,,,,C,TAAAAAAAAAAAAAAA
MZ268700,,,,,,,,CCC,,T,,C,,C,T,AC,,CTGAG,,,,,,,,,AAATCGTA,,,,,,GCA,,,CAC,,,,,CCTGCT,,ACC,TGT,AATGAT,,,,,,,,,,,,,,,,,,,,,,,,,,,C,TAAAAAAAAAAAAAAA
MZ268701,,,,,,,,CCC,,T,,C,,C,T,AC,,CTGAG,,,,,,,,,AAATCGTA,,,,,,GCA,,,CAC,,,,,CCTGCT,,ACC,TGT,AATGAT,,,,,,,,,,,,,,,,,,,,,,,,,,,C,TAAAAAAAAAAAAAAA
MW969526,,,,,,,,CCC,,T,,C,,C,T,AC,,CTGAG,,,,,,,,,AAATCGTA,,,,,,GCA,,,CAC,,,,,CCTGCT,,ACC,TGT,AATGAT,,,,,,,,,,,,,,,,,,,,,,,,,,,C,TAAAAAAAAAAAAAAA
MZ268698,,,,,,,,CCC,,T,,C,,C,T,AC,,CTGAG,,,,,,,,,AAATCGTA,,,,,,GCA,,,CAC,,,,,CCTGCT,,ACC,TGT,AATGAT,,,,,,,,,,,,,,,,,,,,,,,,,,,C,TAAAAAAAAAAAAAAA
MZ268736,,,,,,,,CCC,,T,,C,,C,T,AC,,CTGAG,,,,,,,,,AAATCGTA,,,,,,GCA,,,CAC,,,,,CCTGCT,,ACC,TGT,AATGAT,,,,,,,,,,,,,,,,,,,,,,,,,,,C,TAAAAAAAAAAAAAAA
MZ460673,,,,,,,,CCC,,T,,C,,C,T,AC,,CTGAG,,,,,,,,,AAATCGTA,,,,,,GCA,,,CAC,,,,,CCTGCT,,ACC,TGT,AATGAT,,,,,,,,,,,,,,,,,,,,,,,,,,,C,TAAAAAAAAAAAAAA
MZ268705,,,,,,,,CCC,,T,,C,,C,T,AC,,CTGAG,,,,,,,,,AAATCGTA,,,,,,GCA,,,CAC,,,,,CCTGCT,,ACC,TGT,AATGAT,,,,,,,,,,,,,,,,,,,,,,,,,,,C,T
OK181457,,,,,,,,CCC,,T,,C,,C,T,AC,,CTGAG,,,,,,,,,AAATCGTA,,,,,,GCA,,,CAC,,,,,CCTGCT,,ACC,TGT,AATGAT,,,,,,,,,,,,,,,,,,,,,,,,,,,C,T
MZ629172,,,,,,,,CCC,,T,,C,,C,T,AC,,CTGAG,,,,,,,,,AAATCGTA,,,,,,GCA,,,CAC,,,,,CCTGCT,,ACC,TGT,AATGAT,,,,,,,,,,,,,,,,,,,,,,,,,,,C,TAAAAAAAAAAAAAAA
MZ629181,,,,,,,,CCC,,T,,C,,C,T,AC,,CTGAG,,,,,,,,,AAATCGTA,,,,,,GCA,,,CAC,,,,,CCTGCT,,ACC,TGT,AATGAT,,,,,,,,,,,,,,,,,,,,,,,,,,,C,TAA
MZ268727,,,,,,,,CCC,,T,,C,,C,T,AC,,CTGAG,,,,,,,,,AAATCGTA,,,,,,GCA,,,CAC,,,,,CCTGCT,,ACC,TGT,AATGAT,,,,,,,,,,,,,,,,,,,,,,,,,,,C,TAA
MZ268730,,,,,,,,CCC,,T,,C,,C,T,AC,,CTGAG,,,,,,,,,AAATCGTA,,,,,,GCA,,,CAC,,,,,CCTGCT,,ACC,TGT,AATGAT,,,,,,,,,,,,,,,,,,,,,,,,,,,C,TAAAAAAAAAAAAAAA
MZ153245,,,,,,,,CCC,,T,,C,,C,T,AC,,CTGAG,,,,,,,,,AAATCGTA,,,,,,GCA,,,CAC,,,,,CCTGCT,,ACC,TGT,AATGAT,,,,,,,,,,,,,,,,,,,,,,,,,,,C,T
MZ268704,,,,,,,,CCC,,T,,C,,C,T,AC,,CTGAG,,,,,,,,,AAATCGTA,,,,,,GCA,,,CAC,,,,,CCTGCT,,ACC,TGT,AATGAT,,,,,,,,,,,,,,,,,,,,,,,,,,,C,TAAAAAAA
MZ268728,,,,,,,,CCC,,T,,C,,C,T,AC,,CTGAG,,,,,,,,,AAATCGTA,,,,,,GCA,,,CAC,,,,,CCTGCT,,ACC,TGT,AATGAT,,,,,,,,,,,,,,,,,,,,,,,,,,,C,TAAAA
OL961526,,,,,,,,CCC,,T,,C,,C,T,AC,,CTGAG,,,,,,,,,AAATCGTA,,,,,,GCA,,,CAC,,,,,CCTGCT,,ACC,TGT,AATGAC,,,,,,,,,,,,,,,,,,,,,,,,,,,C,T
MZ153277,,,,,,,,CCC,,T,,C,,T,T,AC,,CTGAG,,,,,,,,,AAATCGTA,,,,,,GCA,,,CAC,,,,,CCTGCT,,ACC,TGT,AATGAC,,,,,,,,,,,,,,,,,,,,,,,,,,,C,T
MZ153278,,,,,,,,CCC,,T,,C,,T,T,AC,,CTGAG,,,,,,,,,AAATCGTA,,,,,,GCA,,,CAC,,,,,CCTGCT,,ACC,TGT,AATGAC,,,,,,,,,,,,,,,,,,,,,,,,,,,C,T
OK161409,,,,,,,,CCC,,T,,C,,C,T,AC,,CTGAG,,,,,,,,,AAATCGTA,,,,,,GCA,,,CAC,,,,,CCTGCT,,ACC,TGT,AATGAC,,,,,,,,,,,,,,,,,,,,,,,,,,,C,
MZ667421,,,,,,,,CCC,,T,,C,,C,T,AC,,CTGAG,,,,,,,,,AAATCGTA,,,,,,GCA,,,CAC,,,,,CCTGCT,,ACC,TGT,AATGAC,,,,,,,,,,,,,,,,,,,,,,,,,,,C,T
MZ460696,,,,,,,,TCC,,T,,C,,C,T,A,,CTGAG,,,,,,,,,AGATCGTA,,,,,,GCA,,,CAC,,,,,CCTGCT,,ACC,TGT,AATGAT,,,,,,,,,,,,,,,,,,,,,,,,,,,C,TAAAAAAAAAAAAAAA
MZ629168,,,,,,,,TCC,,A,,C,,C,T,GA,,CGG,,,,,,,,,TAAGA,,,,,,CAC,,,ACCGTGCGGGCA,,,,,GCATCA,,ACA,GCA,AATGAT,,,,,,,,,,GACTACAGA,,,,,,,,,,,,,,,,,,TAA
MZ363456,,,,,,,,TCC,,A,,C,,C,T,GA,,CGG,,,,,,,,,TAAGA,,,,,,CAC,,,ACCGTGCGGGCA,,,,,GCATCA,,ACA,GCA,AATGAT,,,,,,,,,,GACTACAGA,,,,,,,,,,,,,,,,,,TAA
MZ268650,,,,,,,,TCC,,A,,C,,C,T,GA,,CGG,,,,,,,,,TAAGA,,,,,,CAC,,,ACCGTGCGGGCA,,,,,GCATCA,,ACA,GCA,AATGAT,,,,,,,,,,GACTACAGA,,,,,,,,,,,,,,,,,,TAA
MZ268678,,,,,,,,TCC,,A,,C,,C,T,GA,,CGG,,,,,,,,,TAAGA,,,,,,CAC,,,ACCGTGCGGGCA,,,,,GCATCA,,ACA,GCA,AATGAT,,,,,,,,,,GACTACAGA,,,,,,,,,,,,,,,,,,TAA
MZ363450,,,,,,,,TCC,,A,,C,,C,T,AA,,CGG,,,,,,,,,TAAGA,,,,,,CAC,,,ACCGTGCGGGCA,,,,,GCATCA,,ACA,GCA,AATGAT,,,,,,,,,,GACTACAGA,,,,,,,,,,,,,,,,,,TAA
MZ153259,,,,,,,,TCC,,A,,C,,C,T,AA,,CGG,,,,,,,,,TAAGA,,,,,,CAC,,,ACCGTGCGGGCA,,,,,GCATCA,,ACA,GCA,AATGAT,,,,,,,,,,GACTACAGA,,,,,,,,,,,,,,,,,,TAA
OM001412,,,,,,,,TCC,,A,,C,,C,T,AA,,CGG,,,,,,,,,TAAGA,,,,,,CAC,,,ACCGTGCGGGCA,,,,,GCATCA,,ACA,GCA,AATGAT,,,,,,,,,,GACTACAGA,,,,,,,,,,,,,,,,,,
MZ268708,,,,,,,,TCC,,A,,C,,C,T,AA,,CGG,,,,,,,,,TAAGA,,,,,,CAC,,,ACTGTGCGGGCA,,,,,GCATCA,,ACA,GCA,AATGAT,,,,,,,,,,GACTACAGA,,,,,,,,,,,,,,,,,,
MZ363445,,,,,,,,TCC,,A,,C,,C,T,AA,,CGG,,,,,,,,,TAAGA,,,,,,CAC,,,ACTGTGCGGGCA,,,,,GCATCA,,ACA,GCA,AATGAT,,,,,,,,,,GACTACAGA,,,,,,,,,,,,,,,,,,
KP890663,,,,,,,,TCC,,A,,C,,A,T,AAC,,TGG,,,,,,,,,GCTAA,,,,,,CAC,,,ACTGTCCAGACA,,,,,GCTCCT,,ACT,CCA,AATGAC,,,,,,,,,,GTCTACAAA,,,,,,,,,,,,,,,,,,T
KP242035,,,,,,,,TCC,,A,,C,,A,T,AC,,TGG,,,,,,,,,GCTAA,,,,,,CAC,,,ACAGTCCAAACA,,,,,GCTCCC,,ACC,TCA,AATGAC,,,,,,,,,,GTCTACAAA,,,,,,,,,,,,,,,,,,
JF317017,,,,,,,,TCC,,A,,C,,A,T,AC,,TGG,,,,,,,,,GCTAA,,,,,,CAC,,,ACTGTCCAAACA,,,,,GCTCCT,,ACC,CCA,AATGAC,,,,,,,,,,GTTTACAAA,,,,,,,,,,,,,,,,,,TAAAAAAAAAAAAAAAAAAAAAAAAAAAAAAAAAAAAAAAA
OL638426,,,,,,,,ATA,,A,,T,,A,T,AC,,CGG,,,,,,,,,TAACGTA,,,,,,GAA,,,ACAGTACAACAA,,,,,ACT,,ACC,ACA,AATGAT,,,,,,,,,,TTTTACAGA,,,,,,,,,,,,,,,,,,TAAAA
OK181499,,,,,,,,ATA,,A,,T,,A,T,AC,,CGG,,,,,,,,,TAACGTA,,,,,,GAA,,,ACAGTACAACAA,,,,,ACT,,ACC,ACA,AATGAT,,,,,,,,,,TTTTACAGA,,,,,,,,,,,,,,,,,,TAAAA
MZ460686,,,,,,,,ATA,,A,,T,,A,T,AC,,CGG,,,,,,,,,TAACGTA,,,,,,GAA,,,ACAGTACAACAA,,,,,ACT,,ACC,ACA,AATGAC,,,,,,,,,,TTTTACAGA,,,,,,,,,,,,,,,,,,
MZ363413,,,,,,,,ATA,,A,,T,,A,T,AC,,CGG,,,,,,,,,TAACGTA,,,,,,GAA,,,ACAGTACAACAA,,,,,ACT,,ACC,ACA,AATGAC,,,,,,,,,,TTTTACAGA,,,,,,,,,,,,,,,,,,
OL133730,,,,,,,,ATA,,A,,T,,A,T,AC,,CGG,,,,,,,,,TAACGTA,,,,,,GAA,,,ACAGTACAACAA,,,,,ACT,,ACC,ACA,AATGAC,,,,,,,,,,TTTTACAGA,,,,,,,,,,,,,,,,,,TAAAA
MZ460705,,,,,,,,ATA,,A,,T,,A,T,AC,,CGG,,,,,,,,,TAACGTA,,,,,,GAA,,,ACAGTACAACAA,,,,,ACT,,ACC,ACA,AATGAC,,,,,,,,,,TTTTACAGA,,,,,,,,,,,,,,,,,,
MZ363432,,,,,,,,ATA,,A,,T,,A,T,AC,,CGG,,,,,,,,,TAACGTA,,,,,,GAA,,,ACAGTACAACAA,,,,,ACT,,ACC,ACA,AATGAC,,,,,,,,,,TTTTACAGA,,,,,,,,,,,,,,,,,,
MZ363440,,,,,,,,ATA,,A,,T,,A,T,AC,,CGG,,,,,,,,,TAACGTA,,,,,,GAA,,,ACAGTACAACAA,,,,,ACT,,ACC,ACA,AATGAC,,,,,,,,,,TTTTACAGA,,,,,,,,,,,,,,,,,,
MZ363448,,,,,,,,ATA,,A,,T,,A,T,AC,,CGG,,,,,,,,,TAACGTA,,,,,,GAA,,,ACAGTACAACAA,,,,,ACT,,ACC,ACA,AATGAC,,,,,,,,,,TTTTACAGA,,,,,,,,,,,,,,,,,,
MZ363434,,,,,,,,ATA,,A,,T,,A,T,AC,,CGG,,,,,,,,,TAACGTA,,,,,,GAA,,,ACAGTACAACAA,,,,,ACT,,ACC,ACA,AATGAC,,,,,,,,,,TTTTACAGA,,,,,,,,,,,,,,,,,,
OK181472,,,,,,,,ATA,,A,,T,,A,T,AC,,CGG,,,,,,,,,TAACGTA,,,,,,GAA,,,ACAGTACAACAA,,,,,ACT,,ACC,ACA,AATGAC,,,,,,,,,,TTTTACAGA,,,,,,,,,,,,,,,,,,TAAAA
MZ268657,,,,,,,,ATA,,A,,T,,A,T,AC,,CGG,,,,,,,,,TAACGTA,,,,,,GAA,,,ACAGTACAACAA,,,,,ACT,,ACC,ACA,AATGAC,,,,,,,,,,TTTTACAGA,,,,,,,,,,,,,,,,,,TAA
OK649363,,,,,,,,ATA,,A,,T,,A,T,AC,,CGG,,,,,,,,,TAACGTA,,,,,,GAA,,,ACAGTACAACAA,,,,,ACT,,ACC,ACA,AATGAC,,,,,,,,,,TTTTACAGA,,,,,,,,,,,,,,,,,,TAAAA
MZ268647,,,,,,,,ATA,,A,,T,,A,T,AC,,CGG,,,,,,,,,TAACGTA,,,,,,GAA,,,ACAGTACAACAA,,,,,ACT,,ACC,ACA,AATGAC,,,,,,,,,,TTTTACAGA,,,,,,,,,,,,,,,,,,
MZ268709,,,,,,,,ATA,,A,,T,,A,T,AC,,CGG,,,,,,,,,TAACGTA,,,,,,GAA,,,ACAGTACAACAA,,,,,ACT,,ACC,ACA,AATGAC,,,,,,,,,,TTTTACAGA,,,,,,,,,,,,,,,,,,TAA
MZ835616,,,,,,,,ATA,,A,,T,,A,T,AC,,CGG,,,,,,,,,TAACGTA,,,,,,GAA,,,ACAGTACAACAA,,,,,ACT,,ACC,ACA,AATGAC,,,,,,,,,,TTTTGCAGA,,,,,,,,,,,,,,,,,,TAAAA
MZ268666,,,,,,,,ATA,,A,,T,,A,T,AC,,CGG,,,,,,,,,TAACGTA,,,,,,GAA,,,ACAGTGCAACAA,,,,,ACT,,ACC,ACA,AATGAC,,,,,,,,,,TTTTGCAGA,,,,,,,,,,,,,,,,,,TAAAA
MZ153246,,,,,,,,ATA,,A,,T,,A,T,AC,,CGG,,,,,,,,,TAACGTA,,,,,,GAA,,,ACAGTGCAACAA,,,,,ACT,,ACC,ACA,AATGAC,,,,,,,,,,TTTTGCAGA,,,,,,,,,,,,,,,,,,TAAAA
MH330336,,,,,,,,AAA,,A,,T,,A,T,AT,,CGG,,,,,,,,,TAACGTA,,,,,,GAA,,,ACAGTACAACAA,,,,,ACC,,ACC,ACA,AATGAC,,,,,,,,,,TTCTGCAGA,,,,,,,,,,,,,,,,,,
MH752985,,,,,,,,AAA,,A,,T,,A,T,AT,,CGG,,,,,,,,,TAACGTA,,,,,,GAA,,,ACAGTGCAACAA,,,,,ACC,,ACT,ACA,AATGAT,,,,,,,,,,TTCTGCAGA,,,,,,,,,,,,,,,,,,
ON311157,,,,,,,,CC,,C,,C,G,A,G,AC,,ACTCGGC,CT,,,,,,,,GTAAATA,,,,,,GAA,,,,,,,,,,GGA,,,,,,,,,,,,AAA,,,,,,,,,,,,,,,,,TACC,
JN837686,,,,,,,,CC,,A,,C,G,A,,CC,,CCTGAC,CC,ACAA,,,,,,ACT,,,,CAT,,,GGA,,,AATC,,,,,TCA,GAGGAC,GGC,,,,,,,,TAA,,CAACCA,CTCA,,,,,,,,,,,,,,,,,,A,T
ON311158,,,,,,,,CCTCC,,C,,C,G,A,G,ACC,,ACTCGGC,CT,,,,,,,,GTAAACA,,,,,,GAA,,,,,,,,,,GGA,,,,,,,,,,,,AAA,,,,,,,,,,,,,,,,,TACC,TAT
JN541267,,,,,,,,CCCTC,,C,,C,G,A,G,AC,,ATTTGGC,CT,,,,,,,,GTGAATA,,,,,,GAA,,,,,,,,,,GGA,,,,,,,,,,,,AAA,,,,,,,,,,,,,,,,,,
ON311169,,,,,,,,CCTTCC,,A,,A,,T,,TTT,,ACGGGT,,,,,,,,,TGTTAAT,,,,,CAATCAAAT,GTT,,,,,,,,,,CCA,,AATGATAAC,,,,,,,,ATGAAC,,GCT,,,,,,,,,,,,,,,,,,TAT
ON311171,,,,,,,,CCTTCC,,A,,A,,T,,TTT,,ACGGGT,,,,,,,,,TGTTAAT,,,,,CAATCAAAT,GTT,,,,,,,,,,CCA,,AATGATAAC,,,,,,,,ATGAAC,,GCT,,,,,,,,,,,,,,,,,,TAT
ON311170,,,,,,,,CCTTCC,,A,,A,,T,,TTT,,ACGGGT,,,,,,,,,TGTTAAT,,,,,CAATCAAAT,GTT,,,,,,,,,,CCA,,AATGATAAC,,,,,,,,ATGAAC,,GCT,,,,,,,,,,,,,,,,,,TAT
ON311172,,,,,,,,CCTTCC,,A,,A,,T,,TTT,,ACGGGT,,,,,,,,,TGTTAAT,,,,,CAATCAAAT,GTT,,,,,,,,,,CCA,,AATGATAAC,,,,,,,,ATGAAC,,GCT,,,,,,,,,,,,,,,,,,TAT
ON311173,,,,,,,,CCTTCC,,A,,A,,T,,TTT,,ACGGGT,,,,,,,,,TGTTAAT,,,,,CAATCAAAT,GTT,,,,,,,,,,CCA,,AATGATAAC,,,,,,,,ATGAAC,,GCT,,,,,,,,,,,,,,,,,,TAT
MZ363420,,,,,,,,CCTTCC,,A,,A,,T,,TTT,,ACGGGT,,,,,,,,,TGTTAAT,,,,,CAATCAAAT,GTT,,,,,,,,,,CCA,,AATGATAAC,,,,,,,,ATGAAC,,GCT,,,,,,,,,,,,,,,,,,TAT
MZ460704,,,,,,,,CCTTCC,,A,,A,,T,,TTT,,ACGGGT,,,,,,,,,TGTTAAT,,,,,CAATCAAAT,GTT,,,,,,,,,,CCA,,AATGATAAC,,,,,,,,ATGAAC,,GCT,,,,,,,,,,,,,,,,,,TATTATAAAA
OL365066,,,,,,,,CCTTCC,,A,,A,,T,,TTT,,ATGGGT,,,,,,,,,TGTTAAT,,,,,CAATCAAAT,GTT,,,,,,,,,,CCA,,AATGATAAC,,,,,,,,ATGAAC,,GCT,,,,,,,,,,,,,,,,,,
OK161398,,,,,,,,CCTTCC,,A,,A,,T,,TTT,,ATGGGT,,,,,,,,,TGTTAAT,,,,,CAATCAAAT,GTT,,,,,,,,,,CCA,,AATGATAAC,,,,,,,,ATGAAC,,GCT,,,,,,,,,,,,,,,,,,
OL638409,,,,,,,,CCTTCC,,A,,A,,T,,TTT,,ATGGGT,,,,,,,,,TGTTAAT,,,,,CAATCAAAT,GTT,,,,,,,,,,CCA,,AATGATAAC,,,,,,,,ATGAAC,,GCT,,,,,,,,,,,,,,,,,,
OK649416,,,,,,,,CCTTCC,,A,,A,,T,,TTT,,ATGGGT,,,,,,,,,TGTTAAT,,,,,CAATCAAAT,GTT,,,,,,,,,,CCA,,AATGATAAC,,,,,,,,ATGAAC,,GCT,,,,,,,,,,,,,,,,,,
MZ322921,,,,,,,,CCTTCC,,A,,A,,T,,TTT,,ATGGGT,,,,,,,,,TGTTAAT,,,,,CAATCAAAT,GTT,,,,,,,,,,CCA,,AATGATAAC,,,,,,,,ATGAAC,,GCT,,,,,,,,,,,,,,,,,,TATTATAAAA
MZ153251,,,,,,,,CCTTCC,,A,,A,,T,,TTT,,ACGGGT,,,,,,,,,TGTTAAT,,,,,CAATCAAAT,GTT,,,,,,,,,,CCA,,AATGATGAC,,,,,,,,ATGAAC,,GCT,,,,,,,,,,,,,,,,,,
MZ153254,,,,,,,,CCTTCC,,A,,A,,T,,TTT,,ACGGGT,,,,,,,,,TGTTAAT,,,,,CAATCAAAT,GTT,,,,,,,,,,CCA,,AATGATGAC,,,,,,,,ATGAAC,,GCT,,,,,,,,,,,,,,,,,,TATTATAAAA
MZ540948,,,,,,,,CTTCCC,,A,,A,,T,,ATT,,CCCGGGT,,,,G,,,,,TATTGAT,,,,,CCTACACAC,GTA,,,GTACAT,,,,,,,TC,AAT,AATGAC,,GAA,,,,,,,,CCA,,,,,,,,,,,,,,,,,,TATTAT
MZ268655,,,,,,,,CTTCCC,,A,,A,,T,,ATT,,CCCGGGT,,,,G,,,,,TATTAAT,,,,,CCTACACAC,GTA,,,GTACAT,,,,,,,TC,AAT,AATGAC,,GAA,,,,,,,,CCA,,,,,,,,,,,,,,,,,,
KJ675506,,,,,,,,CCTCCC,,A,,A,,T,,ATC,,ACCGGGT,,,,G,,,,,AATTAAT,,,,,CCCACACAC,GTA,,,TTACAT,,,,,,,TC,AAT,AATGAC,,GAA,,,,,,,,CTA,,,,,,,,,,,,,,,,,,TATTAT
MK279354,,,,,,,,CCCCCTTTCCATTTACACCCAA,,A,,A,,G,,AAC,,CGGGGT,,,,T,,,,,ATAAAT,,,,,AGTGGACAT,ATG,,,,,,,,,,TCA,,AATGAT,,,,,,,,,,AGA,,,,,,,,,,,,,,,,,,
KY189321,,,,,,,,CCCCCTTTCCATTTACACCCAA,,A,,A,,G,,AAC,,CGGGGT,,,,T,,,,,ATAAAT,,,,,AGTGGACAT,ATG,,,,,,,,,,TCA,,AATGAT,,,,,,,,,,AGA,,,,,,,,,,,,,,,,,,TATTAT
KF958311,,,,,,,,CCCCCTTCCCATTCACACCCAA,,A,,A,,G,,ATC,,CGGGGT,,,,T,,,,,ATAAAT,,,,,AGTGGACAT,ATG,,,,,,,,,,TCA,,AATGAT,,,,,,,,,,AGA,,,,,,,,,,,,,,,,,,TATTAT
JN798565,,,,,,,,CA,,A,,A,,G,,ATC,,CGGGGT,,,,T,,,,,ATAAAT,,,,,AGTGGACAT,ATG,,,,,,,,,,TCA,,AATGAT,,,,,,,,,,AGA,,,,,,,,,,,,,,,,,,
JF317013,,,,,,,,TA,,A,,A,,G,,ACC,,TCGGGT,,,,,,,,,TAAT,,,,,CCAAGTAAT,GTA,,,,,,,,,,TCT,,AATGAC,,,,,,,,,,AGA,,,,,,,,,,,,,,,,,,TATTATAAAAAAAAAAAAAAAAAAAAAAAAAAAAAAAAAAAAAAAAAAA
MG148341,,,,,,,,TC,,A,,G,,G,,TCC,,ACGGGT,,,,,,,,,TGAT,,,,,CAAACCCAT,GTA,,,,,,,,,,TCC,,AATGAC,,,,,,,,,,AGA,,,,,,,,,,,,,,,,,,
JX291115,,,,,,,,TCCCCAAGTCTTTCTATCATTCTTTTCTT,,C,,C,G,A,,ACC,,CTGGGTTA,CCC,,,,,,,,TATTATAC,,,,,,GAA,,,,,,,,,,GGG,,,,,,,,,,,,AAA,,,,,,,,,,,,A,,TAGTC,,,C,TATAAAAAAAAAAAAAAAAAAAAAA
MH685697,,,,,,,,ATCTTCACTTTCTATCATTCTTTTCTT,,A,,C,A,A,TTGGCG,ATC,,CTGGGTCTT,CCC,,,,,,,,TTATAAA,,,,,,GAG,,,,,,,,,,GGT,,,,,,,,,,,,GTATTGAAA,,,,,,,,,,,,,,,,,,
ON311161,,,,,,,,ATTTTAT,,A,,T,A,A,,T,,CTGGGTCTC,CCC,,,,A,,,,TAT,,,,,,ATG,,,,,,,CGC,,,AGT,,,,G,,,,,,,,CAACTGTAGAAA,,,,,,,,,,,,,,TACACA,ATTA,,,
ON729335,,,,,,,,CCCCAACTTTCTATCACTCTTTA,,A,,T,G,A,,CC,,CTTTACC,CC,TT,,,,,,ATC,TAT,,,,,,GAA,,,GACA,,,,,TCT,CCAGAT,GGC,,,,,,,,,,ACAACC,TGGAGA,,,,,,,,,,,,,,,AA,,,,
MZ629159,,,,,,,,TCCCAACTTTCTATCATTCTTTA,,A,,T,G,A,,CC,,CCTTACC,CC,TT,,,,,,GTC,TAT,,,,,,GAA,,,GACA,,,,,TCT,CCAGAT,GGC,,,,,,,,,,ATAACC,TGGAGA,,,,,,,,,,,,,,,AA,,,G,TAAA
MZ268723,,,,,,,,TCCCAACTTTCTATCATTCTTTA,,A,,T,G,A,,CC,,CCTTACC,CC,TT,,,,,,GTC,TAT,,,,,,GAA,,,GACA,,,,,TCT,CCAGAT,GGC,,,,,,,,,,ATAACC,TGGAGA,,,,,,,,,,,,,,,AA,,,G,TAAA
MZ363416,,,,,,,,TCCCAACTTTCTATCATTCTTTA,,A,,T,G,A,,CC,,CCTTGCC,CC,TT,,,,,,ATC,TAT,,,,,,GAA,,,GACA,,,,,TCT,CCAGAT,GGC,,,,,,,,,,ATAACC,TGGAGA,,,,,,,,,,,,,,,AA,,,G,
ON311165,,,,,,,,TCCCGACTTTCTTTCGTTCTTCA,,A,,T,G,A,,CC,,TCGTACC,CC,TT,,,,,,GTC,TAT,,,,,,GAA,,,GACT,,,,,TCT,TCAGAC,GGC,,,,,,,,,,ATAACC,TGAG,,,,,,,,,,,,,,,AA,,,G,TAAA
ON311167,,,,,,,,TCCCGACTTTCTTTCGTTCTTCA,,A,,T,G,A,,CC,,TCGTACC,CC,TT,,,,,,GTC,TAT,,,,,,GAA,,,GACT,,,,,TCT,TCAGAC,GGC,,,,,,,,,,ATAACC,TGAG,,,,,,,,,,,,,,,AA,,,G,TAAA
ON311166,,,,,,,,TCCCGACTTTCTTTCGTTCTTCA,,A,,T,G,A,,CC,,TCGTACC,CC,TT,,,,,,GTC,TAT,,,,,,GAA,,,GACT,,,,,TCT,TCAGAC,GGC,,,,,,,,,,ATAACC,TGAG,,,,,,,,,,,,,,,AA,,,,
MZ268718,,,,,,,,TCCCGACTTTCTTTCATTCTTTA,,A,,T,G,A,,CC,,TCGTACC,CC,TT,,,,,,GTC,TAT,,,,,,GAA,,,GACT,,,,,TCT,TCAGAC,GGC,,,,,,,,,,ACAACC,TGAG,,,,,,,,,,,,,,,AA,,,,
MZ268722,,,,,,,,TCCCGACTTTCTTTCATTCTTTA,,A,,T,G,A,,CC,,TCGTACC,CC,TT,,,,,,GTC,TAT,,,,,,GAA,,,GACT,,,,,TCT,TCAGAC,GGC,,,,,,,,,,ACAACC,TGAG,,,,,,,,,,,,,,,AA,,,G,TAAA
MK989753,,,,,,,,CCCCAACTTTCTTTCGTTCTTTA,,A,,T,G,A,,CC,,TCATACC,CC,TT,,,,,,GTC,TAT,,,,,,GAA,,,GACT,,,,,TCT,TCAGAC,GGC,,,,,,,,,,ACAACC,TGAG,,,,,,,,,,,,,,,AA,,,G,
KY983589,,,,,,,,CCCCGACTTTCTTTCACTCTTCA,,A,,T,G,A,,CC,,TCATACC,CC,TT,,,,,,GTC,TAT,,,,,,GAA,,,GACT,,,,,TCT,TCAGAT,GGC,,,,,,,,,,ACAACC,TGAG,,,,,,,,,,,,,,,AA,,,,
OL961518,,,,,,,,CCCCAACTTTCTTTCATTCTTTA,,A,,T,G,A,,CC,,TCATACC,CC,TT,,,,,,GTC,TAT,,,,,,GAA,,,GACT,,,,,TCT,TCAGAC,GGC,,,,,,,,,,ACAATC,TGAG,,,,,,,,,,,,,,,AA,,,,
OK017948,,,,,,,,CCCCAACTTTCTTTCATTCTTTA,,A,,T,G,A,,CC,,TCATACC,CC,TT,,,,,,GTC,TAT,,,,,,GAA,,,GACT,,,,,TCT,TCAGAC,GGC,,,,,,,,,,ACAATC,TGAG,,,,,,,,,,,,,,,AA,,,G,TAAA
OK017913,,,,,,,,CCCCAACTTTCTTTCATTCTTTA,,A,,T,G,A,,CC,,TCATACC,CC,TT,,,,,,GTC,TAT,,,,,,GAA,,,GACT,,,,,TCT,TCAGAC,GGC,,,,,,,,,,ACAACC,TGAG,,,,,,,,,,,,,,,AA,,,G,T
MZ322914,,,,,,,,CCCCAACTTTCTTTCATTCTTTA,,A,,T,G,A,,CC,,TCATACC,CC,TT,,,,,,GTC,TAT,,,,,,GAA,,,GACT,,,,,TCT,TCAGAC,GGC,,,,,,,,,,ACAACC,TGAG,,,,,,,,,,,,,,,AA,,,G,TAAA
MZ427502,,,,,,,,CCCCAACTTTCTTTCATTCTTCA,,A,,T,G,A,,CC,,TCATACC,CC,TT,,,,,,GTC,TAT,,,,,,GAA,,,GACT,,,,,TCT,TCAGAC,GGC,,,,,,,,,,ACAATC,TGAG,,,,,,,,,,,,,,,AA,,,G,
MZ460711,,,,,,,,CCCCAACTTTCTTTCATTCTTCA,,A,,T,G,A,,CC,,TCATACC,CC,TT,,,,,,GTC,TAT,,,,,,GAA,,,GACT,,,,,TCT,TCAGAC,GGC,,,,,,,,,,ACAATC,TGAG,,,,,,,,,,,,,,,AA,,,G,TAAA
MZ153266,,,,,,,,CCCCAACTTTCTTTCATTCTTCA,,A,,T,G,A,,CC,,TCATACC,CC,TT,,,,,,GTC,TAT,,,,,,GAA,,,GACT,,,,,TCT,TCAGAC,GGC,,,,,,,,,,ACAATC,TGAG,,,,,,,,,,,,,,,AA,,,G,TAAA
MZ629164,,,,,,,,CCCCAACTTTCTTTCATTCTTCA,,A,,T,G,A,,CC,,TCATACC,CC,TT,,,,,,GTC,TAT,,,,,,GAA,,,GACT,,,,,TCT,TCAGAC,GGC,,,,,,,,,,ACAATC,TGAG,,,,,,,,,,,,,,,AA,,,G,TAAA
MZ268674,,,,,,,,CCCCAACTTTCTTTCATTCTTCA,,A,,T,G,A,,CC,,TCATACC,CC,TT,,,,,,GTC,TAT,,,,,,GAA,,,GACT,,,,,TCT,TCAGAC,GGC,,,,,,,,,,ACAATC,TGAG,,,,,,,,,,,,,,,AA,,,G,TAAA
MZ221150,,,,,,,,CCCCAACTTTCTTTCATTCTTCA,,A,,T,G,A,,CC,,TCATACC,CC,TT,,,,,,GTC,TAT,,,,,,GAA,,,GACT,,,,,TCT,TCAGAC,GGC,,,,,,,,,,ACAATC,TGAG,,,,,,,,,,,,,,,AA,,,G,T
MZ363463,,,,,,,,CCCCAACTTTCTTTCATTCTTCA,,A,,T,G,A,,CC,,TCATACC,CC,TT,,,,,,GTC,TAT,,,,,,GAA,,,GACT,,,,,TCT,TCAGAC,GGC,,,,,,,,,,ACAATC,TGAG,,,,,,,,,,,,,,,AA,,,G,TAAA
MZ221148,,,,,,,,CCCCAACTTTCTTTCATTCTTCA,,A,,T,G,A,,CC,,TCATACC,CC,TT,,,,,,GTC,TAT,,,,,,GAA,,,GACT,,,,,TCT,TCAGAC,GGC,,,,,,,,,,ACAATC,TGAG,,,,,,,,,,,,,,,AA,,,G,TAAAAA
MZ268684,,,,,,,,CCCCAACTTTCTTTCATTCTTCA,,A,,T,G,A,,CC,,TCATACC,CC,TT,,,,,,GTC,TAT,,,,,,GGA,,,GACT,,,,,TCT,TCAGAC,GGC,,,,,,,,,,ACAATC,TGAG,,,,,,,,,,,,,,,AA,,,G,TAAA
MZ268685,,,,,,,,CCCCAACTTTCTTTCATTCTTCA,,A,,T,G,A,,CC,,TCATACC,CC,TT,,,,,,GTC,TAT,,,,,,GGA,,,GACT,,,,,TCT,TCAGAC,GGC,,,,,,,,,,ACAATC,TGAG,,,,,,,,,,,,,,,AA,,,G,TAAA
MW969516,,,,,,,,CCCCAACTTTCTTTCATTCTTCA,,A,,T,G,A,,CC,,TCATACC,CC,TT,,,,,,GTC,TAT,,,,,,GGA,,,GACT,,,,,TCT,TCAGAC,GGC,,,,,,,,,,ACAATC,TGAG,,,,,,,,,,,,,,,AA,,,G,TAAAAAAA
MZ268697,,,,,,,,CCCCAACTTTCTTTCATTCTTCA,,A,,T,G,A,,CC,,TCATACC,CC,TT,,,,,,GTC,TAT,,,,,,GGA,,,GACT,,,,,TCT,TCAGAC,GGC,,,,,,,,,,ACAATC,TGAG,,,,,,,,,,,,,,,AA,,,G,TAAA
MZ322912,,,,,,,,CCCCAACTTTCTTTCATTCTTCA,,A,,T,G,A,,CC,,TCATACC,CC,TT,,,,,,GTC,TAT,,,,,,GAA,,,GACT,,,,,TCT,TCAGAC,GGC,,,,,,,,,,ACAACC,TGAG,,,,,,,,,,,,,,,AA,,,G,
MZ322913,,,,,,,,CCCCAACTTTCTTTCATTCTTCA,,A,,T,G,A,,CC,,TCATACC,CC,TT,,,,,,GTC,TAT,,,,,,GAA,,,GACT,,,,,TCT,TCAGAC,GGC,,,,,,,,,,ACAACC,TGAG,,,,,,,,,,,,,,,AA,,,G,TAAA
MZ153276,,,,,,,,CCCCAACTTTCTTTCATTCTTCA,,A,,T,G,A,,CC,,TCATACC,CC,TT,,,,,,GTC,TAT,,,,,,GAA,,,GACT,,,,,TCT,TCAGAC,GGC,,,,,,,,,,ACAACC,TGAG,,,,,,,,,,,,,,,AA,,,G,TAAA
MZ268714,,,,,,,,CCCCAACTTTCTTTCATTCTTCA,,A,,T,G,A,,CC,,TCATACC,CC,TT,,,,,,GTC,TAT,,,,,,GAA,,,GACT,,,,,TCT,TCAGAC,GGC,,,,,,,,,,ACAACC,TGAG,,,,,,,,,,,,,,,AA,,,G,
MZ322918,,,,,,,,CCCCAACTTTCTTTCATTCTTCA,,A,,T,G,A,,CC,,TCATACC,CC,TT,,,,,,GTC,TAT,,,,,,GAA,,,GACT,,,,,TCT,TCAGAC,GGC,,,,,,,,,,ACAACC,TGAG,,,,,,,,,,,,,,,AA,,,G,
MZ460697,,,,,,,,CCCCAACTTTCTTTCATTCTTCA,,A,,T,G,A,,CC,,TCATACC,CC,TT,,,,,,GTC,TAT,,,,,,GAA,,,GACT,,,,,TCT,TCAGAC,GGC,,,,,,,,,,ACAACC,TGAG,,,,,,,,,,,,,,,AA,,,G,TAAA
OK017934,,,,,,,,CCCCAACTTTCTTTCATTCTTCA,,A,,T,G,A,,CC,,TCATACC,CC,TT,,,,,,GTC,TAT,,,,,,GAA,,,GACT,,,,,TCT,TCAGAC,GGC,,,,,,,,,,ACAACC,TGAG,,,,,,,,,,,,,,,AA,,,G,
MZ460703,,,,,,,,CCCCAACTTTCTTTCATTCTTCA,,A,,T,G,A,,CC,,TCATACC,CC,TT,,,,,,GTC,TAT,,,,,,GAA,,,GACT,,,,,TCT,TCAGAC,GGC,,,,,,,,,,ACAATC,TGAG,,,,,,,,,,,,,,,AA,,,G,TAAA
MZ322930,,,,,,,,CCCCAACTTTCTTTCATTCTTCA,,A,,T,G,A,,CC,,TCATACC,CC,TT,,,,,,GTC,TAT,,,,,,GAA,,,GACT,,,,,TCT,TCAGAC,GGC,,,,,,,,,,ACAATC,TGAG,,,,,,,,,,,,,,,AA,,,G,TAAA
MZ460712,,,,,,,,CCCCAACTTTCTTTCATTCTTCA,,A,,T,G,A,,CC,,TCATACC,CC,TT,,,,,,GTC,TAT,,,,,,GAA,,,GACT,,,,,TCT,TCAGAC,GGC,,,,,,,,,,ACAATC,TGAG,,,,,,,,,,,,,,,AA,,,G,TAAA
MW969522,,,,,,,,CCCCAACTTTCTTTCATTCTTCA,,A,,T,G,A,,CC,,TTATACC,CC,TT,,,,,,GTC,TAT,,,,,,GGA,,,GACT,,,,,TCT,TCAGAC,GGC,,,,,,,,,,ACAATC,TGAG,,,,,,,,,,,,,,,AA,,,,
MZ268671,,,,,,,,CCCCAACTTTCTTTCATTCTTCA,,A,,T,G,A,,CC,,TCATACC,CC,TT,,,,,,GTC,TAT,,,,,,GAA,,,GACC,,,,,TCT,TCAGAC,GGC,,,,,,,,,,ACAATC,TGAG,,,,,,,,,,,,,,,AA,,,G,TAAA
OK017923,,,,,,,,CCCCAACTTTCTTTCATTCTTCA,,A,,T,G,A,,CC,,TCATACC,CC,TT,,,,,,GTC,TAT,,,,,,GAA,,,GACT,,,,,TCT,TCAGAC,GGC,,,,,,,,,,ACAATC,TGAG,,,,,,,,,,,,,,,AA,,,A,T
MZ153249,,,,,,,,CCCCAACTTTCTTTCATTCTTCA,,A,,T,G,A,,CC,,TCATACC,CC,TT,,,,,,GTC,TAT,,,,,,GAA,,,GACT,,,,,TCT,TCAGAC,GGC,,,,,,,,,,ACAATC,TGAG,,,,,,,,,,,,,,,AA,,,A,T
MZ268683,,,,,,,,CCCCAACTTTCTTTCATTCTTCA,,A,,T,G,A,,CC,,TCATACC,CC,TT,,,,,,GTC,TAT,,,,,,GAA,,,GACT,,,,,TCT,TCAGAC,GGC,,,,,,,,,,ACAATC,TGAG,,,,,,,,,,,,,,,AA,,,A,T
MZ460701,,,,,,,,CCCCAACTTTCTTTCATTCTTCA,,A,,T,G,A,,CC,,TCATACC,CC,TT,,,,,,GTC,TAT,,,,,,GAA,,,GACT,,,,,TCT,TCAGAC,GGC,,,,,,,,,,ACAATC,TGAG,,,,,,,,,,,,,,,AA,,,A,TAAA
MZ268692,,,,,,,,CCCCAACTTTCTTTCATTCTTCA,,A,,T,G,A,,CC,,TCATACC,CC,TT,,,,,,GTC,TAT,,,,,,GAA,,,GACT,,,,,TCT,TCAGAC,GGC,,,,,,,,,,ACAATC,TGAG,,,,,,,,,,,,,,,AA,,,A,TAAA
MZ268687,,,,,,,,CCCCAACTTTCTTTCATTCTTCA,,A,,T,G,A,,CC,,TCATACC,CC,TT,,,,,,GTC,TAT,,,,,,GAA,,,GACT,,,,,TCT,TCAGAC,GGC,,,,,,,,,,ACAATC,TGAG,,,,,,,,,,,,,,,AA,,,A,TAAA
MZ835598,,,,,,,,CCCCAACTTTCTTTCATTCTTCA,,A,,T,G,A,,CC,,TCATACC,CC,TT,,,,,,GTC,TAT,,,,,,GAA,,,GACT,,,,,TCT,TCAGAC,GGC,,,,,,,,,,ACAATC,TGAG,,,,,,,,,,,,,,,AA,,,,
MW969519,,,,,,,,CCCCAACTTTCTTTCATTCTTCA,,A,,T,G,A,,CC,,TCATACC,CC,TT,,,,,,GTC,TAT,,,,,,GAA,,,GACT,,,,,TCT,TCAGAC,GGC,,,,,,,,,,ACAATC,TGAG,,,,,,,,,,,,,,,AA,,,A,
MW969517,,,,,,,,CCCCAACTTTCTTTCATTCTTCA,,A,,T,G,A,,CC,,TCATACC,CC,TT,,,,,,GTC,TAT,,,,,,GAA,,,GACT,,,,,TCT,TCAGAC,GGC,,,,,,,,,,ACAATC,TGAG,,,,,,,,,,,,,,,AA,,,,
MW969515,,,,,,,,CCCCAACTTTCTTTCATTCTTCA,,A,,T,G,A,,CC,,TCATACC,CC,TT,,,,,,GTC,TAT,,,,,,GAA,,,GACT,,,,,TCT,TCAGAC,GGC,,,,,,,,,,ACAATC,TGAG,,,,,,,,,,,,,,,AA,,,,
MZ629107,,,,,,,,CCCCAACTTTCTTTCATTCTTCA,,A,,T,G,A,,CC,,TCATACC,CC,TT,,,,,,GTC,TAT,,,,,,GAA,,,GACT,,,,,TCT,TCAGAC,GGC,,,,,,,,,,ACAATC,TGAG,,,,,,,,,,,,,,,AA,,,,
MZ460677,,,,,,,,CCCCAACTTTCTTTCATTCTTCA,,A,,T,G,A,,CC,,TCATACC,CC,TT,,,,,,GTC,TAT,,,,,,GAA,,,GACT,,,,,TCT,TCAGAC,GGC,,,,,,,,,,ACAATC,TGAG,,,,,,,,,,,,,,,AA,,,G,TAAA
MZ460690,,,,,,,,CCCCAACTTTCTTTCACTCTTCA,,A,,T,G,A,,CC,,TTATACC,CC,TT,,,,,,GTC,TAT,,,,,,GAA,,,GACT,,,,,TCT,TCAGAC,GGC,,,,,,,,,,ACAATC,TGAG,,,,,,,,,,,,,,,TA,,,G,TAAA
MH685696,,,,,,,,CCGCAACTTTCTTTCACTCTTTG,,A,,T,G,A,,CC,,CTTTACC,CC,TT,,,,,,ATC,TAT,,,,,,GAA,,,GACA,,,,,TCT,CCAGAT,GGC,,,,,,,,,,ACAACC,TGGAGA,,,,,,,,,,,,,,,,,,,
KY369877,,,,,,,,ACCCACATTTCCTATCATCTTTT,,A,,T,G,A,,CC,,CTGGG,AC,CTCCACTT,,,,,G,,TAT,,,,,,GAT,CCC,AG,AGTG,,,,,GCT,GGTGGC,GGC,,,,,,,,CAC,,CAGACA,GACT,,,,,,,,,,,,,,,,,,,
OM001344,,,,,,,,TCCC,,A,,A,G,A,,CC,,TACGGGG,TG,ACA,,,,,,,TTATCAGT,,,,,,GGT,CAC,,AACT,,,,,TCT,GGTGAG,GGT,,,,,,,,AAC,,ATGACA,ATCC,,,,,,,,,,,,,,,,,,,
OK254863,,,,,,,,TCCC,,A,,A,G,A,,CC,,TACGGGG,TG,ACA,,,,,,,TTATCAGT,,,,,,GGT,CAC,,AACT,,,,,TCT,GGTGAG,GGT,,,,,,,,AAC,,ATGACA,ATCC,,,,,,,,,,,,,,,,,,,
MZ268716,,,,,,,,TCCC,,A,,A,G,A,,CC,,TACGGGG,TG,ACA,,,,,,,TTATCAGT,,,,,,GGT,CAC,,AACT,,,,,TCT,GGTGAG,GGT,,,,,,,,AAC,,ATGACA,ATCC,,,,,,,,,,,,,,,,,,,
OK017910,,,,,,,,TCCC,,A,,A,G,A,,CC,,TACGGGG,TG,ACA,,,,,,,TTATCAGT,,,,,,GGT,CAC,,AACT,,,,,TCT,GGTGAG,GGT,,,,,,,,AAC,,ATGACA,ATCC,,,,,,,,,,,,,,,,,,,
MZ268653,,,,,,,,TCCC,,A,,A,G,A,,CC,,TACGGGG,TG,ACA,,,,,,,TTATCAGT,,,,,,GGT,CAC,,AACT,,,,,TCT,GGTGAG,GGT,,,,,,,,AAC,,ATGACA,ATCC,,,,,,,,,,,,,,,,,,,
MZ153268,,,,,,,,TCCC,,A,,A,G,A,,CC,,TACGGGG,TG,ACA,,,,,,,TTATCAGT,,,,,,GGT,CAC,,AACT,,,,,TCT,GGTGAG,GGT,,,,,,,,AAC,,ATGACA,ATCC,,,,,,,,,,,,,,,,,,,
MZ268676,,,,,,,,TCCC,,A,,A,G,A,,CC,,TACGGGG,TG,ACA,,,,,,,TTATCAGT,,,,,,GGT,CAC,,AACT,,,,,TCT,GGTGAG,GGT,,,,,,,,AAC,,ATGACA,ATCC,,,,,,,,,,,,,,,,,,,
MZ153285,,,,,,,,TCCC,,A,,A,G,A,,CC,,TACGGGG,TG,ACA,,,,,,,TTATCAGT,,,,,,GGT,CAC,,AACT,,,,,TCT,GGTGAG,GGT,,,,,,,,AAC,,ATGACA,ATCC,,,,,,,,,,,,,,,,,,,TAAAA
MZ363429,,,,,,,,TCCC,,A,,A,G,A,,CC,,TACGGGG,TG,ACA,,,,,,,TTATCAGT,,,,,,GGT,CAC,,AACT,,,,,TCT,GGTGAG,GGT,,,,,,,,AAC,,ATGACA,ATCC,,,,,,,,,,,,,,,,,,,
OK649407,,,,,,,,TCCC,,A,,A,G,A,,CC,,TACGGGG,TG,ACA,,,,,,,TTATCAGT,,,,,,GGT,CAC,,AACT,,,,,TCT,GGTGAG,GGT,,,,,,,,AAC,,ATGATA,ATCC,,,,,,,,,,,,,,,,,,,
MZ540954,,,,,,,,TCCC,,A,,A,G,A,,CC,,TACGGGG,TG,ACA,,,,,,,TTATCAGT,,,,,,GGT,CAC,,AACT,,,,,TCT,GGTGAG,GGT,,,,,,,,AAC,,ATGATA,ATCC,,,,,,,,,,,,,,,,,,,
MZ460698,,,,,,,,TCCC,,A,,A,G,A,,CC,,TACGGGG,TG,ACA,,,,,,,TTATCAGT,,,,,,GGT,CAC,,AACT,,,,,TCT,GGTGAG,GGT,,,,,,,,AAC,,ATGATA,ATCC,,,,,,,,,,,,,,,,,,,
MZ268689,,,,,,,,TCCC,,A,,A,G,A,,CC,,TACGGGG,TG,ACA,,,,,,,TTATCAGT,,,,,,GGT,CAC,,AACT,,,,,TCT,GGTGAG,GGT,,,,,,,,AAC,,ATGATA,ATCC,,,,,,,,,,,,,,,,,,,
MW969518,,,,,,,,TCCC,,A,,A,G,A,,CC,,TACGGGG,TG,ACA,,,,,,,TTATCAGT,,,,,,GGT,CAC,,AACT,,,,,TCT,GGTGAG,GGT,,,,,,,,AAC,,ATGATA,ATCC,,,,,,,,,,,,,,,,,,,TAAAA
MZ268738,,,,,,,,TCCC,,A,,A,G,A,,CC,,TACGGGG,TG,ACA,,,,,,,TTATCAGT,,,,,,GGT,CAC,,AACT,,,,,TCT,GGTGAG,GGT,,,,,,,,AAC,,ATGATA,ATCC,,,,,,,,,,,,,,,,,,,TAAAA
MZ363417,,,,,,,,TCCC,,A,,A,G,A,,CC,,TACGGGG,TG,ACA,,,,,,,TTATCAGT,,,,,,GGT,CAC,,AACT,,,,,TCT,GGTGAG,GGT,,,,,,,,AAC,,ATGATA,ATCC,,,,,,,,,,,,,,,,,,,
MZ268659,,,,,,,,TCCC,,A,,A,G,A,,CC,,TACGGGG,TG,ACA,,,,,,,TTATCAGT,,,,,,GGT,CAC,,AACT,,,,,TCT,GGTGAG,GGT,,,,,,,,AAC,,ATGATA,ATCC,,,,,,,,,,,,,,,,,,,TAAAA
MZ153283,,,,,,,,TCCC,,A,,A,G,A,,CC,,TACGGGG,TG,ACA,,,,,,,TTATCAGT,,,,,,GGT,CAC,,AACT,,,,,TCT,GGTGAG,GGT,,,,,,,,AAC,,ATGATA,ATCC,,,,,,,,,,,,,,,,,,,TAAAA
MZ268696,,,,,,,,TCCC,,A,,A,G,A,,CC,,TACGGGG,TG,ACA,,,,,,,TTATCAGT,,,,,,GGT,CAC,,AACT,,,,,TCT,GGTGAG,GGT,,,,,,,,AAC,,ATGATA,ATCC,,,,,,,,,,,,,,,,,,,TAAAA
MW969520,,,,,,,,TCCC,,A,,A,G,A,,CC,,TACGGGG,TG,ACA,,,,,,,TTATCAGT,,,,,,GGT,CAC,,AACT,,,,,TCT,GGTGAG,GGT,,,,,,,,AAC,,ATGATA,ATCC,,,,,,,,,,,,,,,,,,,
MZ460685,,,,,,,,TCCC,,A,,A,G,A,,CC,,TACGGGG,TG,ACA,,,,,,,TTATCAGT,,,,,,GGT,CAC,,AACT,,,,,TCT,GGTGAG,GGT,,,,,,,,AAC,,ATGATA,ATCC,,,,,,,,,,,,,,,,,,,
MZ629106,,,,,,,,TCCC,,A,,A,G,A,,CC,,TACGGGG,TG,ACA,,,,,,,TTATCAGT,,,,,,GGT,CAC,,AACT,,,,,TCT,GGTGAG,GGT,,,,,,,,AAC,,ATGATA,ATCC,,,,,,,,,,,,,,,,,,,TAAAA
MZ460683,,,,,,,,TCCC,,A,,A,G,A,,CC,,TACGGGG,TG,ACA,,,,,,,TTATCAGT,,,,,,GGT,CAC,,AACC,,,,,TCT,GGTGAG,GGT,,,,,,,,AAC,,ATGATA,ATCC,,,,,,,,,,,,,,,,,,,
MZ221149,,,,,,,,TCCC,,A,,A,G,A,,CC,,TACGGGG,TG,ACA,,,,,,,TTATCAGT,,,,,,GGT,CAC,,AACC,,,,,TCT,GGTGAG,GGT,,,,,,,,AAC,,ATGATA,ATCC,,,,,,,,,,,,,,,,,,,TAAAA
MZ268702,,,,,,,,TCCC,,A,,A,G,A,,CC,,TACGGGG,TG,ACA,,,,,,,TTATCAGT,,,,,,GGT,CAC,,AACC,,,,,TCT,GGTGAG,GGT,,,,,,,,AAC,,ATGATA,ATCC,,,,,,,,,,,,,,,,,,,T
MZ363430,,,,,,,,TCCC,,A,,A,G,A,,CC,,TACGGGG,TG,ACA,,,,,,,TTATCAGT,,,,,,GGT,CAC,,AACC,,,,,TCT,GGTGAG,GGT,,,,,,,,AAC,,ATGATA,ATCC,,,,,,,,,,,,,,,,,,,
MZ268679,,,,,,,,TCCC,,A,,A,G,A,,CC,,TACGGGG,TG,ACA,,,,,,,TTATCAGT,,,,,,GGT,CAC,,AACT,,,,,TCT,GGTGAG,GGT,,,,,,,,AAC,,ATGATA,ATCC,,,,,,,,,,,,,,,,,,,
OK649422,,,,,,,,TCCC,,A,,A,G,A,,CC,,TACGGGG,TG,ACA,,,,,,,TTATCAGT,,,,,,GGT,CAC,,AACC,,,,,TCT,GGTGAG,GGT,,,,,,,,AAC,,ATGACA,ATCC,,,,,,,,,,,,,,,,,,,
OK017927,,,,,,,,TCCC,,A,,A,G,A,,CC,,TACGGGG,TG,ACA,,,,,,,TTATCAGT,,,,,,GGT,CAC,,AACC,,,,,TCT,GGTGAG,GGT,,,,,,,,AAC,,ATGACA,ATCC,,,,,,,,,,,,,,,,,,,TAA
MZ268686,,,,,,,,TCCC,,A,,A,G,A,,CC,,TACGGGG,TG,ACA,,,,,,,TTATCAGT,,,,,,GGT,CAC,,AACT,,,,,TCT,GGTGAG,GGT,,,,,,,,AAC,,ATGACA,ATCC,,,,,,,,,,,,,,,,,,,TAA
MW969521,,,,,,,,TCCC,,A,,A,G,A,,CC,,TACGGGG,TG,ACA,,,,,,,TTATCAGT,,,,,,GGT,CAC,,AACT,,,,,TCT,GGTGAG,GGT,,,,,,,,AAC,,ATGACA,ATCC,,,,,,,,,,,,,,,,,,,TAA
MN163127,,,,,,,,TCCC,,A,,A,G,A,,CC,,TACGGGG,TG,ACA,,,,,,,TTATCAGT,,,,,,GGT,CAC,,AACT,,,,,TCT,GGTGAG,GGC,,,,,,,,AAC,,ATGATA,ATCC,,,,,,,,,,,,,,,,,,,
EU840952,,,,,,,,TCCC,,A,,A,G,A,,CC,,TACGGGG,TG,ACA,,,,,,,TTATCAGT,,,,,,GGT,CAC,,AACT,,,,,TCT,GGTGAG,GGC,,,,,,,,AAT,,ATGACA,ATCC,,,,,,,,,,,,,,,,,,,TA
MZ540951,,,,,,,,TCCT,,A,,A,G,A,,CC,,TACGGGG,TG,ACA,,,,,,,TTATCAGT,,,,,,GGT,CAC,,AACT,,,,,TCT,GGTGAG,GGT,,,,,,,,AAC,,ATGATA,ATCC,,,,,,,,,,,,,,,,,,,
MZ460709,,,,,,,,TCCT,,A,,A,G,A,,CC,,TACGGGG,TG,ACA,,,,,,,TTATCAGT,,,,,,GGT,CAC,,AACT,,,,,TCT,GGTGAG,GGT,,,,,,,,AAC,,ATGATA,ATCC,,,,,,,,,,,,,,,,,,,
MZ322922,,,,,,,,TCCT,,A,,A,G,A,,CC,,TACGGGG,TG,ACA,,,,,,,TTATCAGT,,,,,,GGT,CAC,,AACC,,,,,TCT,GGTGAG,GGT,,,,,,,,AAC,,ATGACA,ATCC,,,,,,,,,,,,,,,,,,,
MZ322928,,,,,,,,TCCT,,A,,A,G,A,,CC,,TACGGGG,TG,ACA,,,,,,,TTATCAGT,,,,,,GGT,CAC,,AACC,,,,,TCT,GGTGAG,GGT,,,,,,,,AAC,,ATGACA,ATCC,,,,,,,,,,,,,,,,,,,
MZ268707,,,,,,,,TCCT,,A,,A,G,A,,CC,,TACGGGG,TG,ACA,,,,,,,TTATCAGC,,,,,,GGT,CAC,,AACC,,,,,TCT,GGTGAG,GGT,,,,,,,,AAC,,ATGACA,ATCC,,,,,,,,,,,,,,,,,,,TAA
MZ363469,,,,,,,,TCCT,,A,,A,G,A,,CC,,TACGGGG,TG,ACA,,,,,,,TTATCAGT,,,,,,GGT,CAC,,AACC,,,,,TCT,GGTGAG,GGT,,,,,,,,AAC,,ATGACA,ATCC,,,,,,,,,,,,,,,,,,,
MH685698,,,,,,,,TGGT,,G,,A,G,A,,CC,,TACGGGG,TG,ACA,,,,,,,TTATCAGT,,,,,,GGT,CAC,,AACT,,,,,TCT,GGTGAA,GGC,,,,,,,,AAT,,ATGACA,ATCT,,,,,,,,,,,,,,,,,,,
KY369880,,,,,,,,ACC,,A,,A,G,A,,TC,,TATGGGG,TG,ACG,,,,,,,TTATCAGT,,,,,,GAT,CAC,,AGTG,,,,,CCT,AGTGAC,GGT,,,,,,,,TAT,,AAGACA,AACA,,,,,,,,,,,,,,,,,,,
KY369882,,,,,,,,ACC,,A,,A,G,A,,TC,,TATGGGG,TG,ACG,,,,,,,TTATCAGT,,,,,,GAT,CAC,,AGTG,,,,,CCT,AGTGAC,GGT,,,,,,,,TAT,,AAGACA,AACA,,,,,,,,,,,,,,,,,,,TAAAATC
EF582386,,,,,,,,ACC,,A,,A,G,A,,CC,,TATGGGG,TG,ACG,,,,,,,TTATCAGT,,C,,,,GAT,CAC,,AGTG,,,,,CCT,AGTGAC,GGT,,,,,,,,CAT,,AAGACA,AACA,,,,,,,,,,,,,,,,,,,T
KP282614,,,,,,,,CCCA,,A,,C,G,A,,CC,,TCTTGGC,CT,ACAA,,,,,,ATC,,,,,,,GAG,,,AACT,,,,,TCA,CAGGAT,GGT,,,,,,,,TGA,,CTAGCC,TTCG,,,,,,,,,,,,,,,,,,,
JN798566,,,,,,,,,,A,,,,,,,,,,,,,,,,,,,,,,,,,,,,,,,,,,,,,,,,,,,,,,,,,,,,,,,,,,,,,,,
MZ447875,,,,,,,,,,A,,C,,T,T,AA,,CTTGGG,,,,,,,,,GATAAATA,,,,,,GCT,,,,,,,,GGT,,TCA,AGG,AATGAT,,,,,,,,,,,,,,,,,,,,,,,,,,,C,T
OL638453,,,,,,,,,,A,,C,,T,T,ATTC,,CGG,,,,,,,,,TCACATA,,,,,,GCA,,,,,,,,TCC,,,ACA,AATGAT,,,,,,,,,,,,,,,,,,,,,,,,,,,C,TAAAAA
OK017909,,,,,,,,,,A,,C,,T,T,ATTC,,CGG,,,,,,,,,TCACATA,,,,,,GCA,,,,,,,,TCC,,,ACA,AATGAT,,,,,,,,,,,,,,,,,,,,,,,,,,,C,TAAAAA
MZ153253,,,,,,,,,,A,,C,,T,T,ATTC,,CGG,,,,,,,,,TCACATA,,,,,,GCA,,,,,,,,TCC,,,ACA,AATGAT,,,,,,,,,,,,,,,,,,,,,,,,,,,C,TAAAAA
MG881840,,,,,,,,,,A,,A,,C,,TTT,,ACGGGT,,,,,,,,,TGTTAAT,,,,,CAATCAAAT,GCT,,,,,,,,,,CCA,,AATGATGAC,,,,,,,,ATGAAC,,GCT,,,,,,,,,,,,,,,,,,
KY348864,,,,,,,,,,A,,A,,C,,TTT,,ACGGGT,,,,,,,,,TATTAAT,,,,,CAATCAAAT,GTT,,,,,,,,,,CCA,,AATGATGAC,,,,,,,,ATGAAC,,GCT,,,,,,,,,,,,,,,,,,TATTATAA
GU219984,,,,,,,,,,A,,A,,C,,TTT,,ACGGGT,,,,,,,,,TATTAAT,,,,,CAATCAAAT,GTT,,,,,,,,,,CCA,,AATGATGAC,,,,,,,,ATGAAC,,GCT,,,,,,,,,,,,,,,,,,TATTATAAAAAAAA
OL638433,,,,,,,,,,A,,A,,C,,TTT,,ACGGGT,,,,,,,,,TGTTAAT,,,,,CAATCAAAT,GTT,,,,,,,,,,CCA,,AATGATGAC,,,,,,,,ATGAAC,,GCT,,,,,,,,,,,,,,,,,,TA
MZ460675,,,,,,,,,,A,,A,,C,,TTT,,ACGGGT,,,,,,,,,TGTTAAT,,,,,CAATCAAAT,GTT,,,,,,,,,,CCA,,AATGATGAC,,,,,,,,ATGAAC,,GCT,,,,,,,,,,,,,,,,,,
MZ363414,,,,,,,,,,A,,A,,C,,TTT,,ACGGGT,,,,,,,,,TGTTAAT,,,,,CAATCAAAT,GTT,,,,,,,,,,CCA,,AATGATGAC,,,,,,,,ATGAAC,,GCT,,,,,,,,,,,,,,,,,,
OK017942,,,,,,,,,,A,,A,,C,,TTT,,ACGGGT,,,,,,,,,TGTTAAT,,,,,CAGTCAAAT,GTT,,,,,,,,,,CCA,,AATGATGAC,,,,,,,,ATGAAC,,GCT,,,,,,,,,,,,,,,,,,TATTATAAAA
MZ540947,,,,,,,,,,A,,A,,C,,TTT,,ACGGGT,,,,,,,,,TGTTAAT,,,,,CAGTCAAAT,GTT,,,,,,,,,,CCA,,AATGATGAC,,,,,,,,ATGAAC,,GCT,,,,,,,,,,,,,,,,,,
MZ460707,,,,,,,,,,A,,A,,C,,TTT,,ACGGGT,,,,,,,,,TGTTAAT,,,,,CAGTCAAAT,GTT,,,,,,,,,,CCA,,AATGATGAC,,,,,,,,ATGAAC,,GCT,,,,,,,,,,,,,,,,,,
MZ427501,,,,,,,,,,A,,A,,C,,TTT,,ACGGGT,,,,,,,,,TGTTAAT,,,,,CAGTCAAAT,GTT,,,,,,,,,,CCA,,AATGATGAC,,,,,,,,ATGAAC,,GCT,,,,,,,,,,,,,,,,,,
JF317014,,,,,,,,,,A,,G,,T,,TTT,,ATGGGT,,,,,,,,,TATTAAT,,,,,CAATCAAAT,GTT,,,,,,,,,,CCA,,AATGATGAC,,,,,,,,ATCAAC,,GCT,,,,,,,,,,,,,,,,,,TATTAAAAAAAAAAAAAAAAAAAAAA
JN837688,,,,,,,,,,A,,A,,TC,,TTT,,ACGGGT,,,,,,,,,TGTTAAT,,,,,CAATCAAAT,GTT,,,,,,,,,,CCA,,AATGATGAC,,,,,,,,ATGAAC,,GCT,,,,,,,,,,,,,,,,,,
MK989759,,,,,,,,,,A,,T,A,T,G,TTC,,TACTAGC,TC,,,,,,,,AAATAGA,,,,,,GCA,,,,,,,,,,GAT,,,,,,,,,,,,AACTCCAAA,,,,,,,,,,,,,,,,,,
ON311151,,,,,,,,,,A,,T,G,A,,C,,CTGGGTCAT,CCC,,,,AT,,,,TAT,,,,,,ATG,,,,,,,CGC,,,AGC,,,,G,,,,,,,,AAA,,,,,,,,,,,,,,,,,,
ON311153,,,,,,,,,,A,,T,G,A,,C,,CTGGGTCAT,CCC,,,,AT,,,,TAT,,,,,,ATG,,,,,,,CGC,,,AGC,,,,G,,,,,,,,AAA,,,,,,,,,,,,,,,,,,
ON311152,,,,,,,,,,A,,T,G,A,,C,,CTGGGTCAT,CCC,,,,AT,,,,TAT,,,,,,ATG,,,,,,,CGC,,,AGC,,,,G,,,,,,,,AAA,,,,,,,,,,,,,,,,,,
ON311154,,,,,,,,,,A,,T,G,A,,C,,CTGGGTCAT,CCC,,,,AT,,,,TAT,,,,,,ATG,,,,,,,CGC,,,AGC,,,,G,,,,,,,,AAA,,,,,,,,,,,,,,,,,,
MW679007,,,,,,,,,,A,,T,G,A,,CC,,CTGGGTCAT,CCC,,,,AT,,,,TAT,,,,,,ATG,,,,,,,CGC,,,AGC,,,,G,,,,,,,,AAA,,,,,,,,,,,,,,,,,,
ON311179,,,,,,,,,,A,,C,,A,,C,,TTGGGT,,,,,,,,,TAGTTAT,,,,,,CAA,,A,CTACTACA,,CCCAC,,,,,AAC,,,,,,,,,,,,A,,,,,,AAA,,,,,,,,,,,,
ON311180,,,,,,,,,,A,,C,,A,,C,,TTGAGT,,,,,,,,,TAGTTAT,,,,,,CAA,,A,CTACTACA,,CCCAC,,,,,AAC,,,,,,,,,,,,A,,,,,,AAA,,,,,,,,,,,,
MW969527,,,,,,,,,,A,,C,,A,,C,,TTGAGT,,,,,,,,,TAGTTAT,,,,,,CAA,,A,CTACTACA,,CCCAC,,,,,AAC,,,,,,,,,,,,A,,,,,,AAA,,,,,,,,,,,,
OK017918,,,,,,,,,,A,,C,,A,,C,,TTGAGT,,,,,,,,,TAGTTAT,,,,,,CAA,,A,CTACTGCA,,CCCAC,,,,,AAC,,,,,,,,,,,,A,,,,,,AAA,,,,,,,,,,,,
MZ322915,,,,,,,,,,A,,C,,A,,C,,TTGAGT,,,,,,,,,TAGTTAT,,,,,,CAA,,A,CTACTGCA,,CCCAC,,,,,AAC,,,,,,,,,,,,A,,,,,,AAA,,,,,,,,,,,,
MZ268720,,,,,,,,,,A,,C,,A,,C,,TTGAGT,,,,,,,,,TAGTTAT,,,,,,CAA,,A,CTACTGCA,,CCCAC,,,,,AAC,,,,,,,,,,,,A,,,,,,AAA,,,,,,,,,,,,
ON311155,,,,,,,,,,A,,C,,A,,C,,CGGGAT,,,,,,,,,TACAGTA,,,,,,CCG,,G,CC,,,,,,,AAC,,,,,,,,,,,,A,,,,,,AAT,,,,,,,,ATTTCTACCCTTA,,,,
ON311156,,,,,,,,,,A,,C,,A,,C,,CGGGAT,,,,,,,,,TACAGTA,,,,,,CCG,,G,CC,,,,,,,AAC,,,,,,,,,,,,A,,,,,,AAT,,,,,,,,ATTTCTACCCTTA,,,,
ON311280,,,,,,,,,,A,,C,,A,,C,,CGGGAT,,,,,,,,,TACAGTA,,,,,,CCG,,G,CC,,,,,,,AAC,,,,,,,,,,,,A,,,,,,AAT,,,,,,,,,,,,
MZ363437,,,,,,,,,,A,,C,,A,,C,,CGGGAT,,,,,,,,,TACAGTA,,,,,,CCG,,G,CC,,,,,,,AAC,,,,,,,,,,,,A,,,,,,AAT,,,,,,,,ATTTCTACCCTTA,,,,
OK649386,,,,,,,,,,A,,C,,A,,C,,CGGGAT,,,,,,,,,TATAGTA,,,,,,CCG,,G,CC,,,,,,,AAC,,,,,,,,,,,,A,,,,,,AAT,,,,,,,,ATTTCTACCC,,,,
MZ629145,,,,,,,,,,A,,C,,A,,C,,TGGGAT,,,,,,,,,TACAGTA,,,,,,CTG,,G,CC,,,,,,,AAC,,,,,,,,,,,,A,,,,,,AAC,,,,,,,,ATTTCTACCCTTACTTACAT,,AGTTTACC,,T
JX074056,,,,,,,,,,A,,C,,A,,C,,CGGGAT,,,,,,,,,TACAGTA,,,,,,CTG,,G,CC,,,,,,,AAT,,,,,,,,,,,,A,,,,,,AAT,,,,,,,,ATTTCTACCCTCA,,,,
MN369033,,,,,,,,,,G,,G,,T,,TTT,,ATGGGT,,,,,,,,,TATTAAT,,,,,CAATCAAAT,GTT,,,,,,,,,,CCA,,AATGATGAC,,,,,,,,ATCAAC,,GCT,,,,,,,,,,,,,,,,,,TATTATAAAAAAAAA
MN306035,,,,,,,,,,G,,G,,T,,TTT,,ATGGGT,,,,,,,,,TATTAAT,,,,,CAATCAAAT,GCT,,,,,,,,,,CCA,,AATGATGAC,,,,,,,,ATCAAC,,GCT,,,,,,,,,,,,,,,,,,TATTAAAAAAAAAAAAAAAAAAAAAA
MZ460694,,,,,,,,,,,,C,,A,,C,,TCGGGT,,,,,,,,,TAATTAA,,,,,,CGG,,A,,,,,,,,AAT,,,,,,,,,,,,GTGTTACTA,,,,,,AGA,,,,,,,,C,,,,
MN306023,,,,,,,,,,,,C,,G,,C,,TCGGGT,,,,,,,,,TAATTAA,,,,,,CGG,,A,,,,,,,,AAT,,,,,,,,,,,,GTGTTACTA,,,,,,AGA,,,,,,,,C,,,,
NC_038878,,,,,,,,,,,,C,,A,,C,,TTGAGT,,,,,,,,,TAGTTAT,,,,,,CAA,,A,CTACCGCA,,CCTAC,,,,,AAC,,,,,,,,,,,,A,,,,,,AAA,,,,,,,,,,,,
EF077279,,,,,,,,,,,,C,,A,,C,,TTGAGT,,,,,,,,,TAGTTAT,,,,,,CAA,,A,CTACCGCA,,CCTAC,,,,,AAC,,,,,,,,,,,,A,,,,,,AAA,,,,,,,,,,,,
OM001354,,,,,,,,,,,,C,,A,,C,,TTGAGT,,,,,,,,,TAATTAT,,,,,,CAA,,A,CTACTGTT,,CCAAA,A,,,,AAT,,,,,,,,,,,,A,,,,,,AAA,,,,,,,,,,,,
OK254829,,,,,,,,,,,,C,,A,,C,,TTGAGT,,,,,,,,,TAATTAT,,,,,,CAA,,A,CTACTGTT,,CCAAA,A,,,,AAT,,,,,,,,,,,,A,,,,,,AAA,,,,,,,,,,,,
OM001407,,,,,,,,,,,,C,,A,,C,,TTGAGT,,,,,,,,,TAATTAT,,,,,,CAA,,A,CTACTGTT,,CCAAA,A,,,,AAT,,,,,,,,,,,,A,,,,,,AAA,,,,,,,,,,,,
MZ670576,,,,,,,,,,,,C,,A,,C,,TTGAGT,,,,,,,,,TAATTAT,,,,,,CAA,,A,CTACTGTT,,CCAAA,A,,,,AAT,,,,,,,,,,,,A,,,,,,AAA,,,,,,,,,,,,
OL133760,,,,,,,,,,,,C,,A,,C,,TTGAGT,,,,,,,,,TAATTAT,,,,,,CAA,,A,CTACTGTT,,CCAAA,A,,,,AAT,,,,,,,,,,,,A,,,,,,AAA,,,,,,,,,,,,
MZ268706,,,,,,,,,,,,C,,A,,C,,TTGAGT,,,,,,,,,TAATTAT,,,,,,CAA,,A,CTACTGTT,,CCAAG,A,,,,AAT,,,,,,,,,,,,A,,,,,,AAA,,,,,,,,,,,,
MZ363446,,,,,,,,,,,,C,,A,,C,,TTGAGT,,,,,,,,,TAATTAT,,,,,,CAA,,A,CTACTGTT,,CCAAG,A,,,,AAT,,,,,,,,,,,,A,,,,,,AAA,,,,,,,,,,,,
OK539509,,,,,,,,,,,,C,,A,,C,,TTGAGT,,,,,,,,,TAATTAT,,,,,,CAA,,A,CTACTGTT,,CCAAA,A,,,,AAT,,,,,,,,,,,,A,,,,,,AAA,,,,,,,,,,,,
ON311174,,,,,,,,,,,,A,,C,,TTT,,ACGGGT,,,,,,,,,TGTTAAT,,,,,CAATCAAAT,GTT,,,,,,,,,,CCA,,AATGATGAC,,,,,,,,ATGAAC,,GCT,,,,,,,,,,,,,,,,,,
MN369030,,,,,,,,,,,,A,,G,,ACC,,TCGGGT,,,,,,,,,TAAT,,,,,CCGAATAAT,GTA,,,,,,,,,,TCT,,AATGAC,,,,,,,,,,AGA,,,,,,,,,,,,,,,,,,TAT
KY624849,,,,,,,,,,,,A,G,A,,CC,,ACGGGG,TG,ATA,,,,,,,GCATCAGT,,,CAT,,,GGA,,,AATT,,,,,TCA,GAGGAC,GGC,,,,,,,,TAA,,CAACCA,TTCA,,,,,,,,,,,,,,,,,,A,TAAAAAAA
JF436925,,,,,,,,,,,,,A,A,,AC,,,CCT,,,,,,,,CAACAAA,,,,,,GAT,,,,,,,,,,GGC,,,,AAA,,,,,,CTA,,ACTA,,,,,,,,,GGG,,,,C,,,,,
KF688606,,,,,,,,,,,,,A,A,,C,,CTGAGGCTTG,CTC,,,,,,,,TATACAT,,,,,,CTG,,,,,,,,,GAGGGGCAGGAT,GGT,,,,GGA,,,,,,,,AGA,,,,,,,,,,,,,,TCCCCT,TATAC,,,
KY189319,,,,,,,,,,,,,,T,T,ATCCC,,CGG,,,,,,,,,CAGCATA,,,,,,GCA,,,,,,,,TCC,,,ACA,AATGAT,,,,,,,,,,,,,,,,,,,,,,,,,,,C,T
JN815240,,,,,,,,,,,,,,,T,AC,,CTGAG,,,,,,,,,AAATCGTA,,,,,,GCA,,,CAC,,,,,,,ACC,TGT,AATGAC,,,,,,,,,,,,,,,,,,,,,,,,,,,,
OL961535,,,,,,,,,,,,,,,T,GA,,CGG,,,,,,,,,TAAGA,,,,,,CAC,,,ACCGTGCAGGCA,,,,,GCATCA,,ACA,GCA,AATGAT,,,,,,,,,,GACTACAGA,,,,,,,,,,,,,,,,,,TA
OK017938,,,,,,,,,,,,,,,T,GA,,CGG,,,,,,,,,TAAGA,,,,,,CAC,,,ACCGTGCAGGCA,,,,,GCATCA,,ACA,GCA,AATGAT,,,,,,,,,,GACTACAGA,,,,,,,,,,,,,,,,,,TA
OL961544,,,,,,,,,,,,,,,T,GA,,CGG,,,,,,,,,TAAGA,,,,,,CAC,,,ACCGTGCGGGCA,,,,,GCATCA,,ACA,GCA,AATGAT,,,,,,,,,,GACTACAGA,,,,,,,,,,,,,,,,,,TA
JN815251,,,,,,,,,,,,,,,T,C,,CGGGGT,,,,T,,,,,TATAGT,,,,,,ACA,,,CAA,,,,AAC,,,ACT,,,,,,,,,,CTT,,,,,,,,,,,,,,,,,,,,
JQ245963,,,,,,,,,,,,,,,T,C,,CGGGGT,,,,T,,,,,TATAGT,,,,,,ACA,,,CAA,,,,AAC,,,ACC,,,,,,,,,,CCT,,,,,,,,,,,,,,,,,,,,
JF781505,,,,,,,,,,,,,,,T,C,,CGGGGT,,,,T,,,,,TATAGT,,,,,,ACA,,,CAA,,,,AAC,,,ACC,,,,,,,,,,CCT,,,,,,,,,,,,,,,,,,,,
MK989752,,,,,,,,,,,,,,,T,T,,CGGGGT,,,,T,,,,,TATAGT,,,,,,ACA,,,CAG,,,,ATC,,,ACC,,,,,,,,,,CTA,,,,,,,,,,,,,,,,,,,,
JN837695,,,,,,,,,,,,,,,T,T,,AGGGGT,,,,T,,,,,AATAGT,,,,,,ACA,,,CAG,,,,ATC,,,ACC,,,,,,,,,,CCA,,,,,,,,,,,,,,,,,,,,
KX348031,,,,,,,,,,,,,,,,AC,,,CCT,,,,,,,,CAACAAA,,,,,,GAT,,,,,,,,,,GGC,,,,AAA,,,,,,CTA,,ACTA,,,,,,,,,,,,,,,,,,TAAAAAAAAAAAAAAAAAAAAAAAAAAAAAAAAAAAAA
JN837685,,,,,,,,,,,,,,,,ACC,,TCGGGT,,,,,,,,,TAAT,,,,,CCAAGTAAT,GCA,,,,,,,,,,TCC,,AATGAC,,,,,,,,,,AGA,,,,,,,,,,,,,,,,,,
JN798569,,,,,,,,,,,,,,,,,,CTTGGG,,,,,,,,,GATAAATA,,,,,,GCT,,,,,,,,GGT,,TCA,AGG,AATGAC,,,,,,,,,,,,,,,,,,,,,,,,,,,,
MN306026,,,,,,,,,,,,,,,,,,ATGGGT,,,,,,,,,TATTAAT,,,,,CAATCAAAT,GTT,,,,,,,,,,CCA,,AATGATGAC,,,,,,,,ATCAAC,,GCT,,,,,,,,,,,,,,,,,,
JN837687,,,,,,,,,,,,,,,,,,CGGGGT,,,,,,C,,,TACAGTA,,,,,,CTG,,GTAACTTTGTGT,CC,,,,,,,AAT,,,,,,,,,,,,A,,,,,,AAT,,,,,,,,,,,,
JN798567,,,,,,,,,,,,,,,,,,CCGGGT,,,,,,,,,TATCTGA,,,,,,CAG,,G,CG,,,,,,,AAT,,,,,,,,,,,,GTATCACTA,,,,,,AGA,,,,,,,,G,,,,
JX193796,,,,,,,,,,,,,,,,,,,CC,,,,,,,,TTATAAA,,,,,,GGG,,,,,,,,,,GGT,,,,,,,,,,,,GTATTGAAA,,,,,,,,,,,,,,,,,,
MK989750,,,,,,,,,,,,,,,,,,,,,,T,,,,,GTGAAT,,,,,AGTGGACAT,ATG,,,,,,,,,,TCA,,AATGAT,,,,,,,,,,AGA,,,,,,,,,,,,,,,,,,
JX025557,,,,,,,,,,,,,,,,,,,,,,T,,,,,AATAGT,,,,,,ACA,,,CAG,,,,ATC,,,ACT,,,,,,,,,,CCA,,,,,,,,,,,,,,,,,,,,
JN990700,,,,,,,,,,,,,,,,,,,,,,,,,,,TATCTGA,,,,,,CAG,,G,CG,,,,,,,AAT,,,,,,,,,,,,GTATTACTA,,,,,,AGA,,,,,,,,,,,,
ON311164,,,,,,,,,,,,,,,,,,,,,,,,,,,,,,,,,GAT,CTC,,GGTG,,,,,GCT,GGCGGC,GGC,,,,,,,,TAC,,CAGATA,AACT,,,,,,,,,,,,,,,,,,,
