strain,insertion: 24bp @ ref pos 0,insertion: 19bp @ ref pos 9,insertion: 1bp @ ref pos 17,insertion: 14bp @ ref pos 76,insertion: 3bp @ ref pos 99,insertion: 3bp @ ref pos 132,insertion: 1bp @ ref pos 155,insertion: 8bp @ ref pos 218,insertion: 8bp @ ref pos 282,insertion: 4bp @ ref pos 309,insertion: 3bp @ ref pos 316,insertion: 1bp @ ref pos 344,insertion: 6bp @ ref pos 394,insertion: 1bp @ ref pos 407,insertion: 7bp @ ref pos 477,insertion: 1bp @ ref pos 480,insertion: 4bp @ ref pos 489,insertion: 1bp @ ref pos 496,insertion: 1bp @ ref pos 504,insertion: 24bp @ ref pos 515,insertion: 2bp @ ref pos 553,insertion: 7bp @ ref pos 575,insertion: 2bp @ ref pos 579,insertion: 80bp @ ref pos 606,insertion: 6bp @ ref pos 614,insertion: 21bp @ ref pos 624,insertion: 6bp @ ref pos 1324,insertion: 12bp @ ref pos 1618,insertion: 3bp @ ref pos 1793,insertion: 3bp @ ref pos 1833,insertion: 63bp @ ref pos 2296,insertion: 3bp @ ref pos 2493,insertion: 16bp @ ref pos 2522,insertion: 30bp @ ref pos 2595,insertion: 1bp @ ref pos 2820,insertion: 3bp @ ref pos 2866,insertion: 12bp @ ref pos 2960,insertion: 280bp @ ref pos 3045,insertion: 9bp @ ref pos 3151,insertion: 12bp @ ref pos 3175,insertion: 98bp @ ref pos 3266,insertion: 3bp @ ref pos 3615,insertion: 3bp @ ref pos 3636,insertion: 9bp @ ref pos 3730,insertion: 12bp @ ref pos 3772,insertion: 1bp @ ref pos 4041,insertion: 1bp @ ref pos 4164,insertion: 5bp @ ref pos 4240,insertion: 3bp @ ref pos 4576,insertion: 156bp @ ref pos 4606,insertion: 3bp @ ref pos 4674,insertion: 3bp @ ref pos 4992,insertion: 3bp @ ref pos 5521,insertion: 9bp @ ref pos 6449,insertion: 9bp @ ref pos 6570,insertion: 1bp @ ref pos 6939,insertion: 1bp @ ref pos 7166,insertion: 5bp @ ref pos 7172,insertion: 7bp @ ref pos 7175,insertion: 4bp @ ref pos 7196,insertion: 128bp @ ref pos 7212
LC495296,TA,AGTACTACACCCAGTGGGT,,,,,,,,,,,,,,,,,,,,,,,ACA,,,,,,,,,,A,,,,AGTGAA,,,,,,,,,,,,,,,,,,,CATAT,,T,ATATATATATATATATGTG
MK989743,CGGATAACGT,,T,,CGT,GA,,,,,,,,,,,,,,,,,,,TAA,,,,,,,,,,A,,,,,,,,,,,,,,,,,,,,,,,TTTGA,,,
JN990706,AATTGGCGGATAACGGTTAAGAGC,,,GT,A,,,,,,,,,,,,,,,,,,,,AT,,,,,,,,,GCCTGTAGTGAACGGCAATCAAAT,A,,,,,,,,,,,,,,,,,,,,,,,,,,
MZ667416,,G,,,,,,,,,,,,,,,,,,,,,,,ATA,,,,,,,,,,A,,,,AGTGAA,,,,,,,,,,,,,,,,,,,TATAT,,T,
KF958309,,,T,,CGT,GA,,,,,,,,,,,,,,,,,,,TAA,,,,,,,,,,A,,,,,,,,,,,,,,,,,,,,,,,TTTTA,,,
FJ445153,,,T,,CGT,GA,,,,,,,,,,,,,,,,,,,TAT,,,,,,,,,,A,,,,,,,,,,,,,,,,,,,,,,,TTCAA,,,
FJ445161,,,,G,T,,,,,,,,,,,,,,,,,,,,CTA,,,AATGCATCTCCA,,,,,,,A,,,,AAC,,,,,,,,,,,,,,,,,,,TAA,AACAG,,
FJ445164,,,,G,,G,,,,,CA,,,,,,,,,,,T,,,AAT,,,,,,,,,,A,,,,,,,,,,,,,,,,,,,,,,,,TG,GC,
MN369041,,,,G,,G,,,,,CA,,,,,,,,,,,T,,,AAT,,,,,,,,,,A,,,,,,,,,,,,,,,,,,,,,,,,TG,TT,
EU870482,,,,G,,TGA,,,,,,,,,,,,G,T,,,,,,,,,,,,,,,,,,,,,,,,,,,,,,,,,,,,,,,,,,
FJ445169,,,,GT,T,,,,,,,,,,,,,,,,,,,,CAT,,,AATGCAACTCCA,,,,,,,A,,,,GCA,,,,,,,,,,,,,,,,,,,ATTAG,AGTAC,,
ON311183,,,,GT,AA,,,,,,,,,,,,,,,,,,,,,,,,,,,,,GATTCCTTCAGAAGGAAA,A,,,,,,,,,,,,,,,,,,,,,,,,AA,,
ON311184,,,,GT,AA,,,,,,,,,,,,,,,,,,,,,,,,,,,,,GATTCCTTCAGAAGGAAA,A,,,,,,,,,,,,,,,,,,,,,,,,AA,,
KY348863,,,,GT,CT,,,,,C,,,,,,,,,,,,,,,,,,,,,,,,GGCTGTCTCAGAAGAACC,A,,,,,,,,,,,,,,,,,,,,,,,,AA,,
EU096035,,,,GT,GT,,,,,T,,,,,,,,,,,,,,,,,,,,,,,,,,,,,,,,,,,,,,,,,,,,,,,,,,,
DQ473488,,,,GT,GT,,,,,T,,,,,,,,,,,,,,,,,,,,,,,,GTTTACTTCAGAAGAAAC,A,,,,,,,,,,,,,,,,,,,,,,,,AA,,
EU870475,,,,GT,GTT,,,,,T,,,,,,A,,,,,,,,,,,,,,,,,,,,,,,,,,,,,,,,,,,,,,,,,,,,,
JQ245974,,,,GT,A,,,,,,,,,,,,,,,,,,,,AT,,,,,,,,,GCCTGTAATGGATGGCAATCAAAT,A,,,,,,,,,,,,,,,,,,,,,,,,,,
EF173420,,,,GT,A,,,,,,,,,,,,,,,,,,,,,,,,,,,,,ACCCAGAAAAGAAGGGGATAGAAT,A,,,,,,,,,,,,,,,,,,,,,,,,TA,,
DQ473489,,,,GT,A,,,,,,,,,,,,,,,,,,,,ATA,,,,,,,,,GCCTGTAATGAAAGGGAATAATAT,A,,,,,,,,,,,,,,,,,,,,,,,,TA,,
OL961542,,,,GT,A,,,,,,,,,,,,,,,,,,,,GT,,,,,,,,,ACCCACAGAAGAAGCGGGTAGAAT,A,,,,,,,,,,,,,,,,,,,,,,,,TA,,AAA
MZ268667,,,,GT,A,,,,,,,,,,,,,,,,,,,,GT,,,,,,,,,ACCCACAGAAGAAGCGGGTAGAAT,A,,,,,,,,,,,,,,,,,,,,,,,,TA,,
MZ153267,,,,GT,A,,,,,,,,,,,,,,,,,,,,GT,,,,,,,,,ACCCACAGAAGAAGCGGGTAGAAT,A,,,,,,,,,,,,,,,,,,,,,,,,TA,,AAA
KX494871,,,,GT,A,,,,,,,,,,,,,,,,,,,,AT,,,,,,,,,ACCCACAGAAGAAGGTGGTAAAAT,A,,,,,,,,,,,,,,,,,,,,,,,,CA,,AAAAAAAAAAAAAAAAAAA
FJ445168,,,,GT,A,,,,,,,,,,,,,,,,,,,,AT,,,,,,,,,ACCCACAGAAGAGGGCGGCAACAT,A,,,,,,,,,,,,,,,,,,,,,,,,TA,,
FJ445151,,,,GT,A,,,,,AT,,,,,,,,,,,,,,,,,,,,,,,,GTCCTTAGAAGAAGG,A,,,,,,,,,,,,,,,,,,,,,,,,A,,
FJ445188,,,,GT,C,,,,,GAGA,,,,,,,,,,,,,,,,,,,,,,,,TCCCACACCGGAAGG,A,,,,,,,,,,,,,,,,,,,,,,,,TA,,
EF173424,,,,GT,C,,,,,GAGA,,,,,,,,,,,,,,,,,,,,,,,,TCCCACACCGGAAGG,A,,,,,,,,,,,,,,,,,,,,,,,,TA,,
FJ445162,,,,GT,AC,,,,T,,,,,,,,,,,,,,A,,,,,,,,,,,,A,,,,,,,CAT,,,,,,,,,,,,,,,G,,TTAT,,
OL770290,,,,GTT,C,,,,,GAAA,,,,,,,,,,,,,,,,,,,,,,,,TCCCACACCAGAAGG,A,,,,,,,,,,,,,,,,,,,,,,A,,TA,,
OL770291,,,,GTT,C,,,,,GAAA,,,,,,,,,,,,,,,,,,,,,,,,TCCCACACCAGAAGG,A,,,,,,,,,,,,,,,,,,,,,,A,,TA,,
KF958308,,,,GTT,C,,,,,GAAA,,,,,,,,,,,,,,,,,,,,,,,,TCCCACACTAGAAGG,A,,,,,,,,,,,,,,,,,,,,,,,,TA,,
FJ445137,,,,GTT,C,,,,,GAAA,,,,,,,,,,,,,,,,,,,,,,,,CCCTACGCCAGAAGG,A,,,,,,,,,,,,,,,,,,,,,,,,TA,,
OL961520,,,,GTTTGCATCCCTT,C,,,,,,,,,,,,,,,,,TA,,,,,,A,,,,,,,A,,,,,,,TAT,,,,,,,,,,,,,,,A,TCCTT,TAAAT,,
MN306037,,,,GTTTGCATCCCTT,C,,,,,,,,,,,,,,,,,TA,,,,,,A,,,,,,,A,,,,,,,TAT,,,,,,,,,,,,,,,A,TCCTT,TAGAT,,
JN562724,,,,GTTTGCATCCCTT,C,,,,,,,,,,,,,,,,,TA,,,,,,A,,,,,,,A,,,,,,,TAT,,,,,,,,,,,,,,,,,,,
GU568096,,,,GTTTGCATCCCTTT,C,,,,,,,,,,,,,,,,,TA,,,,,,A,,,,,,,A,,,,,,,TAT,,,,,,,,,,,,,,,,TCCTT,TAGAT,TAG,
JF781507,,,,GTTACTAGTCTTCT,,,,,,,,,,,,,,,,,,TA,,,,,,A,,,,,,,A,,,,,,,TAT,,,,,,,TT,,,,,,,,A,TTCTT,TAAAT,TAG,
EU096029,,,,GGCATCCCCT,C,,,,,,,,,,,,,,,,,TA,,,,,,,,,,,,,,,,,,,,,,,,,,,,,,,,,,,,,,,
FJ445130,,,,GTTTGCATCCCCT,C,,,,,,,,,,,,,,,,,TA,,,,,,A,,,,,,,A,,,,,,,CAT,,,,,,,,,,,,,,,A,TCTTT,TAGAT,TAG,
EU095992,,,,CACT,C,,,,,,,,,,,,,,,,,TA,,,,,,,,,,,,,,,,,,,,,,,,,,,,,,,,,,,,,,,
FJ445112,,,,GTTTGCTTCCACT,C,,,,,,,,,,,,,,,,,TA,,,,,,C,,,,,,,A,,,,,,,TTT,,,,,,,,,,,,,,,A,,TTAAT,TAG,
EU870476,,,,GTTTGCTTCCACT,C,,,,,,,,,,C,,TA,,,,,,,,,,,,,,,,,,,,,,,,,,,,,,,,,,,,,,,,,,,,
FJ445174,,,,GTTTGCCATCC,,,,,,,,,,,,,,,,,,TAT,,,,,,T,,,,,,,A,,,,,,,CAT,,,,,,,,,,,,,,,A,CT,AT,TAG,
EU096085,,,,ATCC,,,,,,,,,,,,,,,,,,TAT,,,,,,,,,,,,,,,,,,,,,,,,,,,,,,,,,,,,,,,
FJ445124,,,,GTTTGCACCTCCC,C,,,,,,,,,,,,,,,,,TA,,,,,,T,,,,,,,A,,,,,,,CAT,,,,,,,,,,,,,,,A,,TAAAT,TAG,
EU096013,,,,GCACCTCCC,C,,,,,,,,,,,,,,,,,TA,,,,,,,,,,,,,,,,,,,,,,,,,,,,,,,,,,,,,,,
KY189314,,,,,CGT,GA,,,,,,,,,,,,,,,,,,,AAA,,,,,,,,,,A,,,,,,,,,,,,,,,,,,,,,,,TTTGA,,,
EU096059,,,,,CGT,GA,,,,,,,,,,,,,,,,,,,TAT,,,,,,,,,,,,,,,,,,,,,,,,,,,,,,,,,,,,
MT512399,,,,,T,,,,,,,,,,,,,,,,,,,,TTG,,,AATGCTAAACCC,,,,,,,A,,,,GAT,,,,,,,,,,,,,,,,,,,TTAA,GTTAGAT,,
EU096066,,,,,T,,,,,,,,,,,,,,,,,,,,CTG,,,,,,,,,,,,,,,,,,,,,,,,,,,,,,,,,,,,
FJ445155,,,,,T,,,,,,,,,,,,,,,,,,,,CTG,,,AATGTTAGCCCC,,,,,,,A,,,,GAT,,,,,,,,,,,,,,,,,,,TTAA,GATAT,,
EU096070,,,,,T,,,,,,,,,,,,,,,,,,,,CTA,,,,,,,,,,,,,,,,,,,,,,,,,,,,,,,,,,,,
EU096078,,,,,T,,,,,,,,,,,,,,,,,,,,,,,,,,,,,,,,,,,,,,,,,,,,,,,,,,,,,,,,
MK989747,,,,,A,,,,,,,,,,,,,,,,,,,,TTA,,,AATGCTAAACCC,,,,,,,A,,,,GAT,,,,,,,,,,,,,,,,,,,TTAA,GTTAGAT,,
EU096004,,,,,A,,,,,,,,,,,,,,,,,,,,AT,,,,,,,,,,,,,,,,,,,,,,,,,,,,,,,,,,,,
EU096057,,,,,A,,,,,,,,,,,,,,,,,,,,AT,,,,,,,,,,,,,,,,,,,,,,,,,,,,,,,,,,,,
EU096077,,,,,A,,,,,,,,,,,,,,,,,,,,AT,,,,,,,,,,,,,,,,,,,,,,,,,,,,,,,,,,,,
EU096056,,,,,A,,,,,AT,,,,,,,,,,,,,,,,,,,,,,,,,,,,,,,,,,,,,,,,,,,,,,,,,,,
JN756723,,,,,A,,,AC,GCCTATAG,,ACC,,TGTCAA,,AGGCAAA,,TCA,,,G,TC,TTTCCCC,CT,CCTTTTCCAAAGCACATAAT,ACCCTA,CCTGA,TC,,,,,G,ATTGGGCCAAAACTAT,,,,,,,,,,,,GA,,,,,,,,,,ATG,,,,,,
MK989741,,,,,CT,,,,,T,,,,,,,,,,,,,,,,,,,,,,,,GGCAGTCCCAGAAGGATC,A,,,,,,,,,,,,,,,,,,,,,,,,,,
MK989745,,,,,CT,,,,,T,,,,,,,,,,,,,,,,,,,,,,,,GGCTGTCCCAGAAGGACC,A,,,,,,,,,,,,,,,,,,,,,,,,,,
KX348032,,,,,CT,,,,,T,,,,,,,,,,,,,,,,,,,,,,,,GGCTGTCCCAGAAGGACC,A,,,,,,,,,,,,,,,,,,,,,,,,,,
KX348029,,,,,CT,,,,,T,,,,,,,,,,,,,,,,,,,,,,,,GGCTGTCCCAGAAGGACC,A,,,,,,,,,,,,,,,,,,,,,,,,,,
EU096039,,,,,C,,,,,GAGA,,,,,,,,,,,,,,,,,,,,,,,,,,,,,,,,,,,,,,,,,,,,,,,,,,,
EU096071,,,,,AC,,,,T,,,,,,,,,,,,,,A,,,,,,,,,,,,,,,,,,,,,,,,,,,,,,,,,,,,,,
JN614997,,,,,,GA,,,,,,,,,,,,,,,,,,,TAA,,,,,,,,,,A,,,,,,,,,,,,,,,,,,,,,,,TTTTA,,,
ON311181,,,,,,C,,,,,,,,,,,,,,,,,,,ATA,,,AATGTTGCACCT,,,,,,,A,,,,,CCAGCAATC,,,,,,,,,,CTGAGCCCACCAACCATCTTGAACCCAGATGCCTTAGCTAGAAGGTTTGGATTCGATCTAGATATTTGTTTGCACAGTACATATACAAAGAATGGCAAATTGAACGCAACTATGGCAACCACTATATGTAAAGATTGTCACCMBACYMAAAACACT,,,,,,,,,,,
ON311275,,,,,,C,,,,,,,,,,,,,,,,,,,ATA,,,AATGTTGCACCT,,,,,,,A,,,,,CCAGCAATC,,,,,,,,,,CTGAGCCCACCAACCATCTTGAACCCAGATGCCTTAGCTAGAAGGTTTGGATTCGATCTAGATATTTGTTTGCACAGTACATATACAAAGAATGGCAAATTGAACGCAACTATGGCAACCACTATATGTAAAGATTGTCACCCAAAGTTA,,,,,,,,,,,
JX074053,,,,,,C,,,,,,,,,,,,,,,,,,,ATA,,,AATGCTGCACCT,,,,,,,A,,,,,CCAGCAATC,,,,,,,,,,CTGAGTCCACCAACCATCTTGAACCCAGATGCATTAGCTAGAAGGTTTGGATTTGATCTAGATATTTGCTTGCACAGTACATACACAAAGAATGGTAAATTGAATGCAACTATGGCGACCACCATATGTAAAGATTGTCACCCCCTCTCAAACACT,,,,,,,,,,,
ON311185,,,,,,AGG,,,,,,,,,,,,,,,,,,,TA,,,GAA,,,,,,,A,,,,AAA,,,CAT,,,,,,,,,,,,,,,,AACC,CTAT,,
ON311187,,,,,,AGG,,,,,,,,,,,,,,,,,,,TA,,,GAA,,,,,,,A,,,,AAA,,,CAT,,,,,,,,,,,,,,,,AACC,CTAT,,
ON311186,,,,,,AGG,,,,,,,,,,,,,,,,,,,TA,,,GAA,,,,,,,A,,,,AAA,,,CAT,,,,,,,,,,,,,,,,AACC,CTAT,,
ON311191,,,,,,AGG,,,,,,,,,,,,,,,,,,,TA,,,GAA,,,,,,,A,,,,AAA,,,CAT,,,,,,,,,,,,,,,,AACC,CTAT,,
ON311192,,,,,,AGG,,,,,,,,,,,,,,,,,,,TA,,,GAA,,,,,,,A,,,,AAA,,,CAT,,,,,,,,,,,,,,,,AACC,CTAT,,
ON311193,,,,,,AGG,,,,,,,,,,,,,,,,,,,TA,,,GAA,,,,,,,A,,,,AAA,,,CAT,,,,,,,,,,,,,,,,AACC,CTAT,,
ON311202,,,,,,AGG,,,,,,,,,,,,,,,,,,,TA,,,GAA,,,,,,,A,,,,AAA,,,CAT,,,,,,,,,,,,,,,,AACC,CTAT,,
ON311197,,,,,,AGG,,,,,,,,,,,,,,,,,,,TA,,,GAA,,,,,,,A,,,,AAA,,,CAT,,,,,,,,,,,,,,,,AACC,CTAT,,
ON311201,,,,,,AGG,,,,,,,,,,,,,,,,,,,TA,,,GAA,,,,,,,A,,,,AAA,,,CAT,,,,,,,,,,,,,,,,AACC,CTAT,,
ON311199,,,,,,AGG,,,,,,,,,,,,,,,,,,,TA,,,GAA,,,,,,,A,,,,AAA,,,CAT,,,,,,,,,,,,,,,,AACC,CTAT,,
ON311189,,,,,,AGG,,,,,,,,,,,,,,,,,,,TA,,,GAA,,,,,,,A,,,,AAA,,,CAT,,,,,,,,,,,,,,,,AACC,CTAT,,
ON311194,,,,,,AGG,,,,,,,,,,,,,,,,,,,TA,,,GAA,,,,,,,A,,,,AAA,,,CAT,,,,,,,,,,,,,,,,AACC,CTAT,,
OK539488,,,,,,AGG,,,,,,,,,,,,,,,,,,,TA,,,GAA,,,,,,,A,,,,AAA,,,CAT,,,,,,,,,,,,,,,,AACC,CTAT,,
OM001423,,,,,,AGG,,,,,,,,,,,,,,,,,,,TA,,,GAA,,,,,,,A,,,,AAA,,,CAT,,,,,,,,,,,,,,,,AACC,CTAT,,
OK649365,,,,,,AGG,,,,,,,,,,,,,,,,,,,TA,,,GAA,,,,,,,A,,,,AAA,,,CAT,,,,,,,,,,,,,,,,AACC,CTAT,,
ON311190,,,,,,AGG,,,,,,,,,,,,,,,,,,,CA,,,GAA,,,,,,,A,,,,AAA,,,CAT,,,,,,,,,,,,,,,,AACC,CTAT,,
ON311198,,,,,,AGG,,,,,,,,,,,,,,,,,,,CA,,,GAA,,,,,,,A,,,,AAA,,,CAT,,,,,,,,,,,,,,,,AACC,CTAT,,
ON311200,,,,,,AGG,,,,,,,,,,,,,,,,,,,CA,,,GAA,,,,,,,A,,,,AAA,,,CAT,,,,,,,,,,,,,,,,AACC,CTAT,,
MZ835570,,,,,,AGG,,,,,,,,,,,,,,,,,,,TA,,,GAA,,,,,,,A,,,,AAA,,,CAT,,,,,,,,,,,,,,,,AACC,CTAT,,
MZ835597,,,,,,AGG,,,,,,,,,,,,,,,,,,,TA,,,GAA,,,,,,,A,,,,AAA,,,CAT,,,,,,,,,,,,,,,,AACC,CTAT,,
MZ363412,,,,,,AGG,,,,,,,,,,,,,,,,,,,TA,,,GAA,,,,,,,A,,,,AAA,,,CAT,,,,,,,,,,,,,,,,AACC,CTAT,,
MZ363452,,,,,,AGG,,,,,,,,,,,,,,,,,,,TA,,,GAA,,,,,,,A,,,,AAA,,,CAT,,,,,,,,,,,,,,,,AACC,CTAT,,
MW969533,,,,,,AGG,,,,,,,,,,,,,,,,,,,TA,,,GAA,,,,,,,A,,,,AAA,,,CAT,,,,,,,,,,,,,,,,AACC,CTAT,,
MZ629146,,,,,,AGG,,,,,,,,,,,,,,,,,,,TA,,,GAA,,,,,,,A,,,,AAA,,,CAT,,,,,,,,,,,,,,,,AACC,CTAT,,
OK539471,,,,,,AGG,,,,,,,,,,,,,,,,,,,TA,,,GAA,,,,,,,A,,,,AAA,,,CAT,,,,,,,,,,,,,,,,AACC,CTAT,,
MZ460714,,,,,,AGG,,,,,,,,,,,,,,,,,,,TA,,,GAA,,,,,,,A,,,,AAA,,,CAT,,,,,,,,,,,,,,,,AACC,CTAT,,
OK017939,,,,,,AGG,,,,,,,,,,,,,,,,,,,TA,,,GAA,,,,,,,A,,,,AAA,,,CAT,,,,,,,,,,,,,,,,AACC,CTAT,,
OK649400,,,,,,AGG,,,,,,,,,,,,,,,,,,,TA,,,GAA,,,,,,,A,,,,AAA,,,CAT,,,,,,,,,,,,,,,,,,,
KY369900,,,,,,AGG,,,,,,,,,,,,,,,,,,,TA,,,GAA,,,,,,,A,,,,AAA,,,CAT,,,,,,,,,,,,,,,,AACCA,CTAT,,
KY369901,,,,,,AGG,,,,,,,,,,,,,,,,,,,TA,,,GAA,,,,,,,A,,,,AAA,,,CAT,,,,,,,,,,,,,,,,AACCA,CTAT,,
FJ445186,,,,,,AGG,,,,,,,,,,,,,,,,,,,CA,,,GAA,,,,,,,A,,,,AAA,,,CAT,,,,,,,,,,,,,,,,AACTA,ACAT,,CTCTAT
EF173421,,,,,,AGG,,,,,,,,,,,,,,,,,,,CA,,,GAA,,,,,,,A,,,,AAA,,,CAT,,,,,,,,,,,,,,,,AACTA,ACAT,,CTCTAT
EU096014,,,,,,AGG,,,,,,,,,,,,,,,,,,,CA,,,,,,,,,,,,,,,,,,,,,,,,,,,,,,,,,,,,
MZ667418,,,,,,TGA,,,,,,,,,,,,,,,,,,,ACA,,,A,,,,,,,A,,,,GAA,,,CAT,,,,,,,,,,,,,,,,,,,
KY369883,,,,,,TGA,,,,,,,,,,,,,,,,,,,ACA,,,A,,,,,,,A,,,,GAA,,,CAT,,,,,,,,,,,,,,,,,TTTAGAT,,
FJ445172,,,,,,TGA,,,,,,,,,,,,,,,,,,,TA,,,A,,,,,,,A,,,,GGA,,,TAT,,,,,,,,,,,,,,,,,TTTAGAT,,CTCTAT
EU096083,,,,,,TGA,,,,,,,,,,,,,,,,TT,A,,GTA,,,,,,,,,,,,,,,,,,,,,,,,,,,,,,,,,,,,
EF173425,,,,,,AGA,,,,,,,,,,,,,,,,,,,ACA,,,CCA,,,,,,,A,,,,AAA,,,TAT,,,,,,,,,,,,,,,,ATTT,TAGAT,,CTCTAA
EU096079,,,,,,AGA,,,,,,,,,,,,,,,,,,,ATA,,,,,,,,,,,,,,,,,,,,,,,,,,,,,,,,,,,,
MZ629155,,,,,,GGA,,,,,,,,,,,,,,,,,,,TA,,,A,,,,,,,A,,,,CAAAC,,,ATT,,,,,,,,,,,,,,,,TTCT,TGCATAT,,
MN212904,,,,,,GGA,,,,,,,,,,,,,,,,,,,TA,,,A,,,,,,,A,,,,CAAAC,,,ATT,,,,,,,,,,,,,,,,TTCT,TGCATAT,,TCTATAAAAAAAAAAAAAAAAAA
KY369899,,,,,,GGA,,,,,,,,,,,,,,,,,,,TG,,,A,,,,,,,A,,,,CAAAC,,,ATT,,,,,,,,,,,,,,,,TTCT,TTTATAT,,
DQ473490,,,,,,GGA,,,,,,,,,,,,,,,,,,,TA,,,A,,,,,,,A,,,,CAAAC,,,ATT,,,,,,,,,,,,,,,,TCTT,CTTATAT,,
EU095991,,,,,,GGA,,,,,,,,,,,,,,,,,,,TA,,,,,,,,,,,,,,,,,,,,,,,,,,,,,,,,,,,,
FJ445187,,,,,,A,,,,,,,,,,,,,,,,T,,,GA,,,AATGCTACCCCT,,,,,,,A,,,,,,,,,,,,,,,,,,,,,,,GTTAR,AATG,,
DQ473487,,,,,,A,,,,,,,,,,,,,,,,T,,,GA,,,AATGCTACCCCT,,,,,,,A,,,,,,,,,,,,,,,,,,,,,,,GTTAA,AATG,,
EU096022,,,,,,A,,,,,,,,,,,,,,,,,,,,,,,,,,,,,,,,,,,,,,,,,,,,,,,,,,,,,,,
EU096073,,,,,,G,,,,,CA,,,,,,,,,,,T,,,AAT,,,,,,,,,,,,,,,,,,,,,,,,,,,,,,,,,,,,
MK989742,,,,,,,,TTGTAACG,,,,,,T,,,,,,,,T,,,ATA,,,AATGCTACACCT,,AAC,,,,,A,,,,,,,,,,,,,,,,,,,,,,,,,,
KX348031,,,,,,,,CGT,,A,,,CA,,,,,,,,,T,,,ACA,,CAATGG,CAA,TCC,,,CGT,,ACAGTTCAGG,A,CCC,ACCCCAATTCAG,,AAAGGGGAG,TACCTGACACCA,,AC,ACT,TCCTCCTTG,TGGTTGATACGC,A,,CTTAA,,,AAT,ATC,CAG,ATGCCAAC,CCTGGTGA,,,,TCTA,GTGT,AAAAAAAAAAAAAAAAAAAAAAAAAAAAAAAAAAAAA
ON311182,,,,,,,,,A,,,,,,,,,,,,,,A,,,,,,,,,,,,A,,,,,,,TAT,,,,,,,,,,,,,,,G,,,,
JQ837723,,,,,,,,,A,,,,,,,,,,,,,,A,,,,,,,,,,,,A,,,,,,,TAT,,,,,,,,,,,,,,,G,,,,
JF781502,,,,,,,,,A,,,,,,,,,,,,,,A,,,,,,,,,,,,A,,,,,,,TAT,,,,,,,,,,,,,,,G,,,,
JN541271,,,,,,,,,A,,,,,,,,,,,,,,A,,,,,,,,,,,,A,,,,,,,TAT,,,,,,,,,,,,,,,,,,,
KM110014,,,,,,,,,A,,,,,,,,,,,,,,A,,,,,,,,,,,,,,,,,,,,,,,,,,,,,,,,,,,,,,
JX074048,,,,,,,,,A,,,,,,,,,,,,,,A,,,,,,,,,,,,A,,,,,,GA,TAT,,,,,,,,,,,,,,,,,,,
JN990698,,,,,,,,,,T,,,,,,,,,,,,,,,,,,,,,,,,GGCTGTCTCAGAAGAACC,A,,,,,,,,,,,,,,,,,,,,,,,,,,
JQ245970,,,,,,,,,,AC,,,,,,,,,,,,,AC,,,,,,,,,,,ATCCTCGGAAGAGGG,A,,,,,,,,,,,,,,,,,,,,,,,,,,
KF879889,,,,,,,,,,AC,T,,,,A,,T,,,A,,,,,TG,,,,,,,,,,,,,,,,,,,,,,,,,,,,,,,,,,,,
JF781506,,,,,,,,,,GAAA,,,,,,,,,,,,,,,,,,,,,,,,TCCCACAC,A,,,,,,,,,,,,,,,,,,,,,,,,,,
KM110012,,,,,,,,,,AAC,C,,,,,,,,,,,,,,TAC,,,,,,,,,,,,,,,,,,,,,,,,,,,,,,,,,,,,
KF879895,,,,,,,,,,TG,TTT,,,,,A,GATT,,,,,,G,CACT,TTG,AAACCTCAATACAA,,,,,,,,,,,,,,,,,,,,,,,,,,,,,,,,,,,
MN369039,,,,,,,,,,,CA,,,,,,,,,,,T,,,AAT,,,,,,,,,,A,,,,,,,,,,,,,,,,,,,,,,,,TG,TT,
MN369043,,,,,,,,,,,CA,,,,,,,,,,,T,,,GAT,,,,,,,,,,A,,,,,,,,,,,,,,,,,,,,,,,,TG,TC,
MH899592,,,,,,,,,,,A,,,,,,,,,,,,T,,,,,,,,,,,,A,,,,,,,AAT,,,,,,,,,,,,,,,A,,TCAT,,AAAAAAAA
KF879891,,,,,,,,,,,,C,,,,,,,,,,,,,,,,,,,,,,,,,,,,,,,,,,,,,,,,,,,,,,,,,
JQ245972,,,,,,,,,,,,,,,,,,,,GCGAGTCTTCACACCATGTCTATA,,,,,TTA,,,,,,,,,,A,,,,,,,,,,,,,,,,,,,,,,,,,,
KX433168,,,,,,,,,,,,,,,,,,,,,,TA,,,,,,A,,,,,,,A,,,,,,,TAT,,,,,,,,,,,,,,,,,,,
JF781498,,,,,,,,,,,,,,,,,,,,,,TA,,,,,,A,,,,,,,A,,,,,,,TAT,,,,,,,,,,,,,,,,,,,
EU840818,,,,,,,,,,,,,,,,,,,,,,TA,,,,,,,,,,,,,,,,,,,,,,,,,,,,,,,,,,,,,,,
EU840835,,,,,,,,,,,,,,,,,,,,,,TG,,,,,,,,,,,,,,,,,,,,,,,,,,,,,,,,,,,,,,,
JN562721,,,,,,,,,,,,,,,,,,,,,,,AC,,,,,,,,,,,ATCCTCGGAAGAAGG,A,,,,,,,,,,,,,,,,,,,,,,,,,,
KF879883,,,,,,,,,,,,,,,,,,,,,,,AC,TACAGATTGTTACCATATAGCTATTGGATTGGCCATCCAGCTTTGTGTTACATATATATTAAAATACTTTTC,ACA,GTTCAAACCCCAATAGGTATT,,,,,,,,,,,,,,,,,,,,,,,,,,,,,,,,,,,
KF879884,,,,,,,,,,,,,,,,,,,,,,,AC,TACAGATTGTTACCATATAGCTATTGGATTGGCCATCCAGCATTGTGTTACATATATATTAAAATACTTTTC,ACA,GTTCAAACCACAATAGCTACT,,,,,,,,,,,,,,,,,,,,,,,,,,,,,,,,,,,
KF879890,,,,,,,,,,,,,,,,,,,,,,,AC,TACAGATTGTTACCATATAGCTATTGGATTGGCCATCCAGTATTGTGTTACATATATTAAAATACTTCTC,ACA,GTTTGAACCACAATAACCACT,,,,,,,,,,,,,,,,,,,,,,,,,,,,,,,,,,,
JN614991,,,,,,,,,,,,,,,,,,,,,,,A,,,,,,,,,,,,A,,,,,,,,,,,,,,,,,,,,,,,,,,
JF781499,,,,,,,,,,,,,,,,,,,,,,,A,,,,,,,,,,,,A,,,,,,,TAT,,,,,,,,,,,,,,,G,,TTAA,,
JN798588,,,,,,,,,,,,,,,,,,,,,,,A,,,,,,,,AAG,,,,,,,,,,,TAT,,,,,,,,,,,,,,,G,,,,
KX433159,,,,,,,,,,,,,,,,,,,,,,,A,,,,,,,,,,,,A,,,,,,,CAT,,,,,,,,,,,,,,,,,,,
KX351793,,,,,,,,,,,,,,,,,,,,,,,A,,,,,,,,,,,,A,,,,,,,TAT,,,,,,,,,,,,,,,,,,,
KF879887,,,,,,,,,,,,,,,,,,,,,,,A,TGATATTGTTACCATTTAGCTTGTCAAATTAATCACACAAAGCCTTAAATCTTATCTATCAATTTGCATTTGGA,TTT,AAACCTGTTCAC,,,,,,,,,,,,,,,,,,,,,,,,,,,,,,,,,,,
KF879893,,,,,,,,,,,,,,,,,,,,,,,A,TGATATTGTTACCATTTAGCTTGTCAAATCAACTGCAAAAGACCCTAAATCTTATTTGTCAACTTGCATTTTGA,ATT,,,,,,,,,,,,,,,,,,,,,,,,,,,,,,,,,,,,
KF879880,,,,,,,,,,,,,,,,,,,,,,,,GTTTGATTCAGTTGTTGCCATTTACCACATTCATTGACTTA,CTA,,,,,,,,,,,,,,,,,,,,,,,,,,,,,,,,,,,,
KF879894,,,,,,,,,,,,,,,,,,,,,,,,GTTTGATTCAGTTGTTGCCATTTACCACATTCATTGACTTA,CTA,,,,,,,,,,,,,,,,,,,,,,,,,,,,,,,,,,,,
MZ629135,,,,,,,,,,,,,,,,,,,,,,,,,AG,,,,,,,,,,A,,,,,,,,,,,,,,,,,,,,,,,,,,
MN306034,,,,,,,,,,,,,,,,,,,,,,,,,AG,,,,,,,,,,A,,,,,,,,,,,,,,,,,,,,,,,,,,
OL365067,,,,,,,,,,,,,,,,,,,,,,,,,ATA,,,,,,,,,,A,,,,AGTGGA,,,,,,,,,,,,,,,,,,,CATAT,,,
OM001402,,,,,,,,,,,,,,,,,,,,,,,,,ATA,,,,,,,,,,A,,,,AGTGAA,,,,,,,,,,,,,,,,,,,CATAT,,,
OK649379,,,,,,,,,,,,,,,,,,,,,,,,,ATA,,,,,,,,,,A,,,,AGTGAA,,,,,,,,,,,,,,,,,,,CATAT,,,
OK649412,,,,,,,,,,,,,,,,,,,,,,,,,ATA,,,,,,,,,,A,,,,AGTGAA,,,,,,,,,,,,,,,,,,,CATAT,,,
OK161377,,,,,,,,,,,,,,,,,,,,,,,,,ATA,,,,,,,,,,A,,,,AGTGAA,,,,,,,,,,,,,,,,,,,CATAT,,,
OL638441,,,,,,,,,,,,,,,,,,,,,,,,,ATA,,,,,,,,,,A,,,,AGTGAA,,,,,,,,,,,,,,,,,,,CATAT,,,
MZ629108,,,,,,,,,,,,,,,,,,,,,,,,,ATA,,,,,,,,,,A,,,,AGTGAA,,,,,,,,,,,,,,,,,,,CATAT,,,
OL638410,,,,,,,,,,,,,,,,,,,,,,,,,ATA,,,,,,,,,,A,,,,AGTGAA,,,,,,,,,,,,,,,,,,,TATAT,,,
OM001456,,,,,,,,,,,,,,,,,,,,,,,,,ATA,,,,,,,,,,A,,,,AGTGAA,,,,,,,,,,,,,,,,,,,TATAT,,,
OL638415,,,,,,,,,,,,,,,,,,,,,,,,,ATA,,,,,,,,,,A,,,,AGTGAA,,,,,,,,,,,,,,,,,,,TATAT,,,
OL638455,,,,,,,,,,,,,,,,,,,,,,,,,ATA,,,,,,,,,,A,,,,AGTGAA,,,,,,,,,,,,,,,,,,,TATAT,,,
OK161403,,,,,,,,,,,,,,,,,,,,,,,,,ATA,,,,,,,,,,A,,,,AGTGAA,,,,,,,,,,,,,,,,,,,TATAT,,,
OM001417,,,,,,,,,,,,,,,,,,,,,,,,,ATA,,,,,,,,,,A,,,,AGTGAA,,,,,,,,,,,,,,,,,,,TATAT,,,
OK161384,,,,,,,,,,,,,,,,,,,,,,,,,ATA,,,,,,,,,,A,,,,AGTGAA,,,,,,,,,,,,,,,,,,,TATAT,,,
OL961538,,,,,,,,,,,,,,,,,,,,,,,,,ATA,,,,,,,,,,A,,,,AGTGAA,,,,,,,,,,,,,,,,,,,TATAT,,,
OM001409,,,,,,,,,,,,,,,,,,,,,,,,,ATA,,,,,,,,,,A,,,,AGTGAA,,,,,,,,,,,,,,,,,,,TATAT,,,
OM001425,,,,,,,,,,,,,,,,,,,,,,,,,ATA,,,,,,,,,,A,,,,AGTGAA,,,,,,,,,,,,,,,,,,,TATAT,,,
OK254840,,,,,,,,,,,,,,,,,,,,,,,,,ATA,,,,,,,,,,A,,,,AGTGAA,,,,,,,,,,,,,,,,,,,TATAT,,,
OK254848,,,,,,,,,,,,,,,,,,,,,,,,,ATA,,,,,,,,,,A,,,,AGTGAA,,,,,,,,,,,,,,,,,,,TATAT,,,
OK017959,,,,,,,,,,,,,,,,,,,,,,,,,ATA,,,,,,,,,,A,,,,AGTGAA,,,,,,,,,,,,,,,,,,,TATAT,,T,AAA
MZ153247,,,,,,,,,,,,,,,,,,,,,,,,,ATA,,,,,,,,,,A,,,,AGTGAA,,,,,,,,,,,,,,,,,,,TATAT,,,
MZ835566,,,,,,,,,,,,,,,,,,,,,,,,,ATA,,,,,,,,,,A,,,,AGTGAA,,,,,,,,,,,,,,,,,,,TATAT,,,
OK649410,,,,,,,,,,,,,,,,,,,,,,,,,ATA,,,,,,,,,,A,,,,AGTGAA,,,,,,,,,,,,,,,,,,,TATAT,,,
OK649426,,,,,,,,,,,,,,,,,,,,,,,,,ATA,,,,,,,,,,A,,,,AGTGAA,,,,,,,,,,,,,,,,,,,TATAT,,,
OK181492,,,,,,,,,,,,,,,,,,,,,,,,,ATA,,,,,,,,,,A,,,,AGTGAA,,,,,,,,,,,,,,,,,,,TATAT,,,
OL638445,,,,,,,,,,,,,,,,,,,,,,,,,ATA,,,,,,,,,,A,,,,AGTGAA,,,,,,,,,,,,,,,,,,,TATAT,,,
OK181464,,,,,,,,,,,,,,,,,,,,,,,,,ATA,,,,,,,,,,A,,,,AGTGAA,,,,,,,,,,,,,,,,,,,TATAT,,,
OM001435,,,,,,,,,,,,,,,,,,,,,,,,,ATA,,,,,,,,,,A,,,,AGTGAA,,,,,,,,,,,,,,,,,,,TATAT,,,
OK254841,,,,,,,,,,,,,,,,,,,,,,,,,ATA,,,,,,,,,,A,,,,AGTGAA,,,,,,,,,,,,,,,,,,,TATAT,,,
MZ670591,,,,,,,,,,,,,,,,,,,,,,,,,ATA,,,,,,,,,,A,,,,AGTGAA,,,,,,,,,,,,,,,,,,,TATAT,,,
MZ835567,,,,,,,,,,,,,,,,,,,,,,,,,ATA,,,,,,,,,,A,,,,AGTGAA,,,,,,,,,,,,,,,,,,,TATAT,,,
OL133761,,,,,,,,,,,,,,,,,,,,,,,,,ATA,,,,,,,,,,A,,,,AGTGAA,,,,,,,,,,,,,,,,,,,TATAT,,,
OK539502,,,,,,,,,,,,,,,,,,,,,,,,,ATA,,,,,,,,,,A,,,,AGTGAA,,,,,,,,,,,,,,,,,,,TATAT,,,
OL961522,,,,,,,,,,,,,,,,,,,,,,,,,ATA,,,,,,,,,,A,,,,AGTGAA,,,,,,,,,,,,,,,,,,,TGTAT,,,
MZ629111,,,,,,,,,,,,,,,,,,,,,,,,,ATA,,,,,,,,,,A,,,,AGTGAA,,,,,,,,,,,,,,,,,,,TGTAT,,,
OK017940,,,,,,,,,,,,,,,,,,,,,,,,,ATA,,,,,,,,,,A,,,,AGTGAA,,,,,,,,,,,,,,,,,,,TGTAT,,T,
OK017947,,,,,,,,,,,,,,,,,,,,,,,,,ATA,,,,,,,,,,A,,,,AGTGAA,,,,,,,,,,,,,,,,,,,TGTAT,,T,AAA
MZ629157,,,,,,,,,,,,,,,,,,,,,,,,,ATA,,,,,,,,,,A,,,,AGTGAA,,,,,,,,,,,,,,,,,,,TGTAT,,T,
MZ460678,,,,,,,,,,,,,,,,,,,,,,,,,ATA,,,,,,,,,,A,,,,AGTGAA,,,,,,,,,,,,,,,,,,,TGTAT,,T,AAA
MZ460680,,,,,,,,,,,,,,,,,,,,,,,,,ATA,,,,,,,,,,A,,,,AGTGAA,,,,,,,,,,,,,,,,,,,TGTAT,,T,AAA
MZ460710,,,,,,,,,,,,,,,,,,,,,,,,,ATA,,,,,,,,,,A,,,,AGTGAA,,,,,,,,,,,,,,,,,,,TGTAT,,T,AAA
OK254846,,,,,,,,,,,,,,,,,,,,,,,,,ATA,,,,,,,,,,A,,,,AGTGAA,,,,,,,,,,,,,,,,,,,TGTAT,,,
MZ153282,,,,,,,,,,,,,,,,,,,,,,,,,ATA,,,,,,,,,,A,,,,AGTGAA,,,,,,,,,,,,,,,,,,,TATAT,,T,AAA
OL638421,,,,,,,,,,,,,,,,,,,,,,,,,ATA,,,,,,,,,,A,,,,AGTGAA,,,,,,,,,,,,,,,,,,,TATAT,,,
OM001381,,,,,,,,,,,,,,,,,,,,,,,,,ATA,,,,,,,,,,A,,,,AGTGAA,,,,,,,,,,,,,,,,,,,TATAT,,,
OK161382,,,,,,,,,,,,,,,,,,,,,,,,,ATA,,,,,,,,,,A,,,,AGTGAA,,,,,,,,,,,,,,,,,,,TATAT,,,
MZ835613,,,,,,,,,,,,,,,,,,,,,,,,,ATA,,,,,,,,,,A,,,,AGTGAA,,,,,,,,,,,,,,,,,,,TATAT,,,
OL638447,,,,,,,,,,,,,,,,,,,,,,,,,ATA,,,,,,,,,,A,,,,AGTGAA,,,,,,,,,,,,,,,,,,,TATAT,,,
OL961545,,,,,,,,,,,,,,,,,,,,,,,,,ATA,,,,,,,,,,A,,,,AGTGAA,,,,,,,,,,,,,,,,,,,TATAT,,,
OK017964,,,,,,,,,,,,,,,,,,,,,,,,,ATA,,,,,,,,,,A,,,,AGTGAA,,,,,,,,,,,,,,,,,,,TATAT,,,
MZ835595,,,,,,,,,,,,,,,,,,,,,,,,,ATA,,,,,,,,,,A,,,,AGTGAA,,,,,,,,,,,,,,,,,,,TATAT,,,
MZ670572,,,,,,,,,,,,,,,,,,,,,,,,,ATA,,,,,,,,,,A,,,,AGTGAA,,,,,,,,,,,,,,,,,,,TATAT,,,
OM001393,,,,,,,,,,,,,,,,,,,,,,,,,ATA,,,,,,,,,,A,,,,AGTGAA,,,,,,,,,,,,,,,,,,,TATAT,,,
MZ835615,,,,,,,,,,,,,,,,,,,,,,,,,ATA,,,,,,,,,,A,,,,AGTGAA,,,,,,,,,,,,,,,,,,,T,,,
MZ629150,,,,,,,,,,,,,,,,,,,,,,,,,ATA,,,,,,,,,,A,,,,AGTGAA,,,,,,,,,,,,,,,,,,,TATAT,,,
MZ540942,,,,,,,,,,,,,,,,,,,,,,,,,ATA,,,,,,,,,,A,,,,AGTGAA,,,,,,,,,,,,,,,,,,,TATAT,,,
MZ540953,,,,,,,,,,,,,,,,,,,,,,,,,ATA,,,,,,,,,,A,,,,AGTGAA,,,,,,,,,,,,,,,,,,,TATAT,,,
OL638464,,,,,,,,,,,,,,,,,,,,,,,,,ATA,,,,,,,,,,A,,,,AGTGAA,,,,,,,,,,,,,,,,,,,TATAT,,,
OK649359,,,,,,,,,,,,,,,,,,,,,,,,,ATA,,,,,,,,,,A,,,,AGTGAA,,,,,,,,,,,,,,,,,,,TATAT,,,
OK017925,,,,,,,,,,,,,,,,,,,,,,,,,ATA,,,,,,,,,,A,,,,AGTGAA,,,,,,,,,,,,,,,,,,,TATAT,,,
MZ363443,,,,,,,,,,,,,,,,,,,,,,,,,ATA,,,,,,,,,,A,,,,AGTGAA,,,,,,,,,,,,,,,,,,,TATAT,,,
MZ835583,,,,,,,,,,,,,,,,,,,,,,,,,ATA,,,,,,,,,,A,,,,AGTGAA,,,,,,,,,,,,,,,,,,,TATGT,,,
OK649413,,,,,,,,,,,,,,,,,,,,,,,,,ATA,,,,,,,,,,A,,,,AGTGAA,,,,,,,,,,,,,,,,,,,TATAT,,,
OM001367,,,,,,,,,,,,,,,,,,,,,,,,,ATA,,,,,,,,,,A,,,,AGTGAA,,,,,,,,,,,,,,,,,,,TATAT,,,
OK017937,,,,,,,,,,,,,,,,,,,,,,,,,ATA,,,,,,,,,,A,,,,AGTGAA,,,,,,,,,,,,,,,,,,,TATAT,,,
MZ363419,,,,,,,,,,,,,,,,,,,,,,,,,ATA,,,,,,,,,,A,,,,AGTGAA,,,,,,,,,,,,,,,,,,,TATAT,,,
OK649403,,,,,,,,,,,,,,,,,,,,,,,,,ATA,,,,,,,,,,A,,,,AGTGAA,,,,,,,,,,,,,,,,,,,TATAT,,,
MZ670571,,,,,,,,,,,,,,,,,,,,,,,,,ATA,,,,,,,,,,A,,,,AGTGAA,,,,,,,,,,,,,,,,,,,TATAT,,,
OK017962,,,,,,,,,,,,,,,,,,,,,,,,,ATA,,,,,,,,,,A,,,,AGTGAA,,,,,,,,,,,,,,,,,,,TATAT,,,
OL961541,,,,,,,,,,,,,,,,,,,,,,,,,ATA,,,,,,,,,,A,,,,AGTGAA,,,,,,,,,,,,,,,,,,,TATAT,,,
OM001447,,,,,,,,,,,,,,,,,,,,,,,,,ATA,,,,,,,,,,A,,,,AGTGAA,,,,,,,,,,,,,,,,,,,TATAT,,,
OK254836,,,,,,,,,,,,,,,,,,,,,,,,,ATA,,,,,,,,,,A,,,,AGTGAA,,,,,,,,,,,,,,,,,,,TATAT,,,
OK649394,,,,,,,,,,,,,,,,,,,,,,,,,ATA,,,,,,,,,,A,,,,AGTGAA,,,,,,,,,,,,,,,,,,,TATAT,,,
OL133766,,,,,,,,,,,,,,,,,,,,,,,,,ATA,,,,,,,,,,A,,,,AGTGAA,,,,,,,,,,,,,,,,,,,CATAT,,,
MZ629116,,,,,,,,,,,,,,,,,,,,,,,,,ATA,,,,,,,,,,A,,,,AGTGAA,,,,,,,,,,,,,,,,,,,CATAT,,,
MZ363431,,,,,,,,,,,,,,,,,,,,,,,,,ATA,,,,,,,,,,A,,,,AGTGAA,,,,,,,,,,,,,,,,,,,CATAT,,,
MZ629154,,,,,,,,,,,,,,,,,,,,,,,,,ATA,,,,,,,,,,A,,,,AGTGAA,,,,,,,,,,,,,,,,,,,CATAT,,,
OL638435,,,,,,,,,,,,,,,,,,,,,,,,,ATA,,,,,,,,,,A,,,,AGTGAA,,,,,,,,,,,,,,,,,,,CATAT,,,
OM001469,,,,,,,,,,,,,,,,,,,,,,,,,ATA,,,,,,,,,,A,,,,AGTGAA,,,,,,,,,,,,,,,,,,,CATAT,,,
OK017966,,,,,,,,,,,,,,,,,,,,,,,,,ATA,,,,,,,,,,A,,,,AGTGAA,,,,,,,,,,,,,,,,,,,CATAT,,,
MZ427503,,,,,,,,,,,,,,,,,,,,,,,,,ATA,,,,,,,,,,A,,,,AGTGAA,,,,,,,,,,,,,,,,,,,CATAT,,,
MZ268654,,,,,,,,,,,,,,,,,,,,,,,,,ATA,,,,,,,,,,A,,,,AGTGAA,,,,,,,,,,,,,,,,,,,CATAT,,,
JN562723,,,,,,,,,,,,,,,,,,,,,,,,,ATA,,,,,,,,,,A,,,,AGTGAA,,,,,,,,,,,,,,,,,,,TATAT,,,
JX193795,,,,,,,,,,,,,,,,,,,,,,,,,ATA,,,,,,,,,,A,,,,AGTGAA,,,,,,,,,,,,,,,,,,,CATAT,,T,
JQ747745,,,,,,,,,,,,,,,,,,,,,,,,,ATA,,,,,,,,,,A,,,,AGTGAA,,,,,,,,,,,,,,,,,,,,,,
JQ747748,,,,,,,,,,,,,,,,,,,,,,,,,ATA,,,,,,,,,,A,,,,AGTGAA,,,,,,,,,,,,,,,,,,,,,,
JN815243,,,,,,,,,,,,,,,,,,,,,,,,,ATA,,,,,,,,,,A,,,,AGTGAA,,,,,,,,,,,,,,,,,,,,,,
OK649398,,,,,,,,,,,,,,,,,,,,,,,,,ATA,,,,,,,,,,A,,,,AGTAAA,,,,,,,,,,,,,,,,,,,CATAT,,,
OM001374,,,,,,,,,,,,,,,,,,,,,,,,,ATA,,,,,,,,,,A,,,,TCAAAA,,,,,,,,,,,,,,,,,,,AATAG,,,
OK017965,,,,,,,,,,,,,,,,,,,,,,,,,ATA,,,,,,,,,,A,,,,TCAAAA,,,,,,,,,,,,,,,,,,,AATAG,,,
MZ460671,,,,,,,,,,,,,,,,,,,,,,,,,ATA,,,,,,,,,,A,,,,TCAAAA,,,,,,,,,,,,,,,,,,,AATAG,,,
MZ322924,,,,,,,,,,,,,,,,,,,,,,,,,ATA,,,,,,,,,,A,,,,TCAAAA,,,,,,,,,,,,,,,,,,,AATAG,,,
OM001380,,,,,,,,,,,,,,,,,,,,,,,,,ATA,,,,,,,,,,A,,,,TCAAAA,,,,,,,,,,,,,,,,,,,AATAG,,,
MZ629169,,,,,,,,,,,,,,,,,,,,,,,,,ATA,,,GGTGCTACACCT,,,,,,,A,,,,,,,,,,,,,,,,,,,,,,,ATTTA,,,
OL961525,,,,,,,,,,,,,,,,,,,,,,,,,ATA,,,,,,,,,GCCTGTAGCCGAAGGCAATCAAAT,A,,,,,,,,,,,,,,,,,,,,,,,,TA,,
OM001422,,,,,,,,,,,,,,,,,,,,,,,,,ATA,,,,,,,,,GCCTGTAGCCGAAGGCAATCAAAT,A,,,,,,,,,,,,,,,,,,,,,,,,TA,,
MK501735,,,,,,,,,,,,,,,,,,,,,,,,,ATA,,,,,,,,,GCCTGTAGCCGAAGGCAATCAAAT,A,,,,,,,,,,,,,,,,,,,,,,,,,,
MK501737,,,,,,,,,,,,,,,,,,,,,,,,,ATA,,,,,,,,,GCCTGTAGCCGAAGGCAATCAAAT,A,,,,,,,,,,,,,,,,,,,,,,,,,,
KY369902,,,,,,,,,,,,,,,,,,,,,,,,,ATA,,,,,,,,,GCCTGTAGCCGAAGGCAATCAAAT,A,,,,,,,,,,,,,,,,,,,,,,,,,,
KY369903,,,,,,,,,,,,,,,,,,,,,,,,,ATA,,,,,,,,,GCCTGTAGCCGAAGGCAATCAAAT,A,,,,,,,,,,,,,,,,,,,,,,,,CA,,
MK989746,,,,,,,,,,,,,,,,,,,,,,,,,ACA,,,,,,,,,,A,,,,,,,,,,,,,,,,,,,,,,,CTTAT,T,T,AAAAAAAAAAAAAAAAAATTTACAAAAAAAAAAAGGAAAAAAAAAAAAAAAAAAAAAAAAAAAAAAAAAAAAAAAAAAAAAAAAAAAAAAAAAAAAAAAAAAAAAAAAAAAAAAAAAAAAAAAAAAAA
KX348030,,,,,,,,,,,,,,,,,,,,,,,,,ACA,,,,,,,,,,A,,,,,,,,,,,,,,,,,,,,,,,CTTAT,T,T,
MZ629139,,,,,,,,,,,,,,,,,,,,,,,,,ACA,,,AATGCTACACCC,,AAC,,,,,A,,,,,,,,,,,,,,,,,,,,,,,ATTTA,,,AAA
MZ629141,,,,,,,,,,,,,,,,,,,,,,,,,ACA,,,AATGCTACACCC,,AAC,,,,,A,,,,,,,,,,,,,,,,,,,,,,,ATTTA,,,AAA
MZ629178,,,,,,,,,,,,,,,,,,,,,,,,,ACA,,,AATGCTACACCC,,AAC,,,,,A,,,,,,,,,,,,,,,,,,,,,,,ATTTA,,,AAA
MZ153262,,,,,,,,,,,,,,,,,,,,,,,,,ACA,,,AATGCTACACCC,,AAC,,,,,A,,,,,,,,,,,,,,,,,,,,,,,ATTTA,,,AAA
MN369044,,,,,,,,,,,,,,,,,,,,,,,,,ACA,,,GGTGCTGCACCT,,,,,,,A,,,,,,,,,,,,,,,,,,,,,,,ATTTA,,,
JX074052,,,,,,,,,,,,,,,,,,,,,,,,,ACA,,,GGTGCTGCACCT,,,,,,,A,,,,,,,,,,,,,,,,,,,,,,,,,,
JF781500,,,,,,,,,,,,,,,,,,,,,,,,,ACA,,,AGTGCTGCACCT,,,,,,,A,,,,,,,,,,,,,,,,,,,,,,,ATTTA,,,AAAAA
JF781501,,,,,,,,,,,,,,,,,,,,,,,,,ACA,,,GGTGCTGCACCT,,,,,,,A,,,,,,,,,,,,,,,,,,,,,,,,,,
JQ918190,,,,,,,,,,,,,,,,,,,,,,,,,ACA,,,,,,,,,,,,,,,,,,,,,,,,,,,,,,,,,,,,
KR922049,,,,,,,,,,,,,,,,,,,,,,,,,ACA,,,,,,,,,,,,,,,,,,,,,,,,,,,,,,,,,,,,
KJ672397,,,,,,,,,,,,,,,,,,,,,,,,,ACA,,,,,,,,,,,,,,,,,,,,,,,,,,,,,,,,,,,,
DQ473486,,,,,,,,,,,,,,,,,,,,,,,,,TTA,,,,,,,,,,A,,,,AATAAA,,,,,,,,,,,,,,,,,,,CACAT,,T,
EU095993,,,,,,,,,,,,,,,,,,,,,,,,,TTA,,,,,,,,,,,,,,,,,,,,,,,,,,,,,,,,,,,,
JQ994497,,,,,,,,,,,,,,,,,,,,,,,,,TTA,,,,,,,,,,A,,,,,,,,,,,,T,,,,,,,,,,,CACAT,,,
JQ837721,,,,,,,,,,,,,,,,,,,,,,,,,TTA,,,,,,,,,,A,,,,,,,,,,,,,,,,,,,,,,,,,,
JN614996,,,,,,,,,,,,,,,,,,,,,,,,,TTA,,,,,,,,,,A,,,,,,,,,,,,,,,,,,,,,,,CATAT,,,
JQ837717,,,,,,,,,,,,,,,,,,,,,,,,,TTA,,,,,,,,,,A,,,,,,,,,,,,,,,,,,,,,,,CATAT,,,
JN798572,,,,,,,,,,,,,,,,,,,,,,,,,TTA,,,,,,,,,,A,,,,,,,,,,,,,,,,,,,,,,,,,,
JN815239,,,,,,,,,,,,,,,,,,,,,,,,,TTA,,,,,,,,,,,,,,,,,,,,,,,,,,,,,,,,,CATAT,,,
EU870478,,,,,,,,,,,,,,,,,,,,,,,,,CTA,,,,,,,,,,,,,,,,,,,,,,,,,,,,,,,,,,,,
MF118142,,,,,,,,,,,,,,,,,,,,,,,,,GTA,,,,,,,,,,A,,,,TCAAAA,,,,,,,,,,,,,,,,,,,,,,
KY684757,,,,,,,,,,,,,,,,,,,,,,,,,GTA,,,,,,,,,,A,,,,TCAAAA,,,,,,,,,,,,,,,,,,,AATAG,,,
KY967365,,,,,,,,,,,,,,,,,,,,,,,,,GTA,,,,,,,,,,A,,,,TCAAAA,,,,,,,,,,,,,,,,,,,AATAG,,,
MK989744,,,,,,,,,,,,,,,,,,,,,,,,,GTG,,,,,,,,,,A,,,,TCAAAA,,,,,,,,,,,,,,,,,,,,,,
JF285329,,,,,,,,,,,,,,,,,,,,,,,,,TTG,,,,,,,,,,A,,,,TCAAAA,,,,,,,,,,,,,,,,,,,AATAG,,,
JF285330,,,,,,,,,,,,,,,,,,,,,,,,,TTG,,,,,,,,,,A,,,,TCAAAA,,,,,,,,,,,,,,,,,,,AATAG,,,
JF285331,,,,,,,,,,,,,,,,,,,,,,,,,TTG,,,,,,,,,,A,,,,TCAAAA,,,,,,,,,,,,,,,,,,,AATAG,,,
ON989189,,,,,,,,,,,,,,,,,,,,,,,,,TTG,,,AATGCTAAACCC,,,,,,,A,,,,GAT,,,,,,,,,,,,,,,,,,,,,,
MN306025,,,,,,,,,,,,,,,,,,,,,,,,,TTG,,,AATGCATCTCCA,,,,,,,A,,,,AAT,,,,,,,,,,,,,,,,,,,TAA,AGTAG,,
JN990701,,,,,,,,,,,,,,,,,,,,,,,,,TTG,,,AATGCATCTCCA,,,,,,,A,,,,AAC,,,,,,,,,,,,,,,,,,,,,,
EU095990,,,,,,,,,,,,,,,,,,,,,,,,,TAA,,,,,,,,,,,,,,,,,,,,,,,,,,,,,,,,,,,,
NC_038312,,,,,,,,,,,,,,,,,,,,,,,,,TAA,,,,,,,,,,A,,,,TCAAAA,,,,,,,,,,,,,,,,,,,AATAG,,,
DQ473485,,,,,,,,,,,,,,,,,,,,,,,,,TAA,,,,,,,,,,A,,,,TCAAAA,,,,,,,,,,,,,,,,,,,AATAG,,,
EF173422,,,,,,,,,,,,,,,,,,,,,,,,,TAA,,,,,,,,,,A,,,,TCAAAA,,,,,,,,,,,,,,,,,,,AATAG,,,
JN798562,,,,,,,,,,,,,,,,,,,,,,,,,TAA,,,,,,,,,,A,,,,,,,,,,,,,,,,,,,,,,,,,,
JQ245969,,,,,,,,,,,,,,,,,,,,,,,,,TAA,,,,,,,,,,A,,,,,,,,,,,,,,,,,,,,,,,TTTGA,,,AAAAAAAAAAAAAAAAA
JN562726,,,,,,,,,,,,,,,,,,,,,,,,,TAA,,,,,,,,,,A,,,,,,,,,,,,,,,,,,,,,,,TTTGA,,,
KM110045,,,,,,,,,,,,,,,,,,,,,,,,,TAA,,,,,,,,,,,,,,,,,,,,,,,,,,,,,,,,,,,,
EU096024,,,,,,,,,,,,,,,,,,,,,,,,,ACG,,,,,,,,,,,,,,,,,,,,,,,,,,,,,,,,,,,,
EF173423,,,,,,,,,,,,,,,,,,,,,,,,,ACG,,,,,,,,,,A,,,,,,,,,,,,,,,,,,,,,,,CTTAC,,T,
HQ336417,,,,,,,,,,,,,,,,,,,,,,,,,ACG,,,,,,,,,,,,,,,,,,,,,,,,,,,,,,,,,,,,
ON311196,,,,,,,,,,,,,,,,,,,,,,,,,TA,,,GAA,,,,,,,A,,,,AAA,,,CAT,,,,,,,,,,,,,,,,AACC,CTAT,,
ON311195,,,,,,,,,,,,,,,,,,,,,,,,,TA,,,GAA,,,,,,,A,,,,AAA,,,CAT,,,,,,,,,,,,,,,,AACC,CTAT,,
ON311188,,,,,,,,,,,,,,,,,,,,,,,,,TA,,,GAA,,,,,,,A,,,,AAA,,,CAT,,,,,,,,,,,,,,,,AACC,CTAT,,
KX384584,,,,,,,,,,,,,,,,,,,,,,,,,TA,,,,,,,,,,,,,,,,,,,,,,,,,,,,,,,,,,,,
KM110013,,,,,,,,,,,,,,,,,,,,,,,,,TA,,,,,,,,,,,,,,,,,,,,,,,,,,,,,,,,,,,,
JF285308,,,,,,,,,,,,,,,,,,,,,,,,,TA,,,GAA,,,,,,,A,,,,AAA,,,CAT,,,,,,,,,,,,,,,,AACTA,TTAT,,
JF285309,,,,,,,,,,,,,,,,,,,,,,,,,TA,,,GAA,,,,,,,A,,,,AAA,,,CAT,,,,,,,,,,,,,,,,AACTA,TTAT,,
KR871718,,,,,,,,,,,,,,,,,,,,,,,,,TA,,,,,,,,,,,,,,,,,,,,,,,,,,,,,,,,,,,,
JN798573,,,,,,,,,,,,,,,,,,,,,,,,,TA,,,A,,,,,,,A,,,,CAAAC,,,ATT,,,,,,,,,,,,,,,,TTCT,TGTATAT,,
KC492754,,,,,,,,,,,,,,,,,,,,,,,,,TA,,,,,,,,,,,,,,,,,,,,,,,,,,,,,,,,,,,,
KF879888,,,,,,,,,,,,,,,,,,,,,,,,,TA,,,,,,,,,,,,,,,,,,,,,,,,,,,,,,,,,,,,
KY189317,,,,,,,,,,,,,,,,,,,,,,,,,CA,,,A,,,,,,,A,,,,GAA,,,CAT,,,,,,,,,,,,,,,,,TTTAGAT,,
KF879882,,,,,,,,,,,,,,,,,,,,,,,,,A,,,,,,,,,,,,,,,,,,,,,,,,,,,,,,,,,,,,
JX074054,,,,,,,,,,,,,,,,,,,,,,,,,AT,,,,,,,,,GCCTGTAGTGGACGGCGATCAAAT,A,,,,,,,,,,,,,,,,,,,,,,,,,,
HQ123444,,,,,,,,,,,,,,,,,,,,,,,,,,,,ACCA,,,,,,,A,,,,,,,,,,,,,,,,,,,,,,,,,,
MZ153257,,,,,,,,,,,,,,,,,,,,,,,,,,,,GAA,,,,,,,A,,,,AAA,,,CAT,,,,,,,,,,,,,,,,AACC,CTAT,,CTCTATAAG
MH828512,,,,,,,,,,,,,,,,,,,,,,,,,,,,A,,,,,,,A,,,,CAAAC,,,ATT,,,,,,,,,,,,,,,,,,,
ON989194,,,,,,,,,,,,,,,,,,,,,,,,,,,,AATGCTAAACCC,,,,,,,A,,,,GAT,,,,,,,,,,,,,,,,,,,,,,
AY450536,,,,,,,,,,,,,,,,,,,,,,,,,,,,,,,,,,GTTTACTTCAGAAGAAAC,A,,,,,,,,,,,,,,,,,,,,,,,,,,
AY355229,,,,,,,,,,,,,,,,,,,,,,,,,,,,,,,,,,GTTTACTTCAGAAGAAAC,A,,,,,,,,,,,,,,,,,,,,,,,,,,
MH828513,,,,,,,,,,,,,,,,,,,,,,,,,,,,,,,,,,GCCTGTAATGGATGGCAATCAAAT,A,,,,,,,,,,,,,,,,,,,,,,,,,,
AY355198,,,,,,,,,,,,,,,,,,,,,,,,,,,,,,,,,,ACCCAGAAAAGAAGGGGATAGAAT,A,,,,,,,,,,,,,,,,,,,,,,,,,,
AY450530,,,,,,,,,,,,,,,,,,,,,,,,,,,,,,,,,,ACCCAGAGAAGAAGGGGATAGAAT,A,,,,,,,,,,,,,,,,,,,,,,,,,,
AY450539,,,,,,,,,,,,,,,,,,,,,,,,,,,,,,,,,,GCCTGTAATGAAAGGGAATAATAT,A,,,,,,,,,,,,,,,,,,,,,,,,,,
AY355251,,,,,,,,,,,,,,,,,,,,,,,,,,,,,,,,,,GCCTGTAATGAAAGGGAATAATAT,A,,,,,,,,,,,,,,,,,,,,,,,,,,
AY450545,,,,,,,,,,,,,,,,,,,,,,,,,,,,,,,,,,ACCCACAGAAGAGGGCGGCAACAT,A,,,,,,,,,,,,,,,,,,,,,,,,,,
AY355272,,,,,,,,,,,,,,,,,,,,,,,,,,,,,,,,,,ACCCACAGAAGAGGGCGGCAACAT,A,,,,,,,,,,,,,,,,,,,,,,,,,,
HQ123445,,,,,,,,,,,,,,,,,,,,,,,,,,,,,,,,,,ATCCTTGGAAGAGGG,A,,,,,,,,,,,,,,,,,,,,,,,,,,
AY450538,,,,,,,,,,,,,,,,,,,,,,,,,,,,,,,,,,GTCCTTAGAAGAAGG,A,,,,,,,,,,,,,,,,,,,,,,,,,,
AY355250,,,,,,,,,,,,,,,,,,,,,,,,,,,,,,,,,,GTCCTTAGAAGAAGG,A,,,,,,,,,,,,,,,,,,,,,,,,,,
AY355233,,,,,,,,,,,,,,,,,,,,,,,,,,,,,,,,,,TCCCACACCGGAAGG,A,,,,,,,,,,,,,,,,,,,,,,,,,,
AY450537,,,,,,,,,,,,,,,,,,,,,,,,,,,,,,,,,,TCCCACACCGGAAGG,A,,,,,,,,,,,,,,,,,,,,,,,,,,
L05355,,,,,,,,,,,,,,,,,,,,,,,,,,,,,,,,,,,A,,,,,,,,,,,,,,,,,,,,,,,,,,
AY355195,,,,,,,,,,,,,,,,,,,,,,,,,,,,,,,,,,,A,,,,,,,,,,,,,,,,,,,,,,,,,,
AY355187,,,,,,,,,,,,,,,,,,,,,,,,,,,,,,,,,,,A,,,,AATAAA,,,,,,,,,,,,,,,,,,,,,,
AY450529,,,,,,,,,,,,,,,,,,,,,,,,,,,,,,,,,,,A,,,,AATAAA,,,,,,,,,,,,,,,,,,,,,,
AY450526,,,,,,,,,,,,,,,,,,,,,,,,,,,,,,,,,,,A,,,,TCAAAA,,,,,,,,,,,,,,,,,,,,,,
AY355184,,,,,,,,,,,,,,,,,,,,,,,,,,,,,,,,,,,A,,,,TCAAAA,,,,,,,,,,,,,,,,,,,,,,
AY355218,,,,,,,,,,,,,,,,,,,,,,,,,,,,,,,,,,,A,,,,,,,,,,,,,,,,,,,,,,,,,,
AY450534,,,,,,,,,,,,,,,,,,,,,,,,,,,,,,,,,,,A,,,,,,,,,,,,,,,,,,,,,,,,,,
GU968948,,,,,,,,,,,,,,,,,,,,,,,,,,,,,,,,,,,A,,,,,,,,,,,,,,,,,,,,,,,,,,
AY450540,,,,,,,,,,,,,,,,,,,,,,,,,,,,,,,,,,,A,,,,,,,,,,,,,,,,,,,,,,,,,,
AY355253,,,,,,,,,,,,,,,,,,,,,,,,,,,,,,,,,,,A,,,,,,,,,,,,,,,,,,,,,,,,,,
AY450532,,,,,,,,,,,,,,,,,,,,,,,,,,,,,,,,,,,A,,,,AAA,,,,,,,,,,,,,,,,,,,,,,
AY355208,,,,,,,,,,,,,,,,,,,,,,,,,,,,,,,,,,,A,,,,AAA,,,,,,,,,,,,,,,,,,,,,,
AY450548,,,,,,,,,,,,,,,,,,,,,,,,,,,,,,,,,,,A,,,,GGA,,,,,,,,,,,,,,,,,,,,,,
AY355278,,,,,,,,,,,,,,,,,,,,,,,,,,,,,,,,,,,A,,,,GGA,,,,,,,,,,,,,,,,,,,,,,
AY450547,,,,,,,,,,,,,,,,,,,,,,,,,,,,,,,,,,,A,,,,AAA,,,,,,,,,,,,,,,,,,,,,,
AY355274,,,,,,,,,,,,,,,,,,,,,,,,,,,,,,,,,,,A,,,,AAA,,,,,,,,,,,,,,,,,,,,,,
AY450527,,,,,,,,,,,,,,,,,,,,,,,,,,,,,,,,,,,A,,,,CAAAC,,,,,,,,,,,,,,,,,,,,,,
AY355185,,,,,,,,,,,,,,,,,,,,,,,,,,,,,,,,,,,A,,,,CAAAC,,,,,,,,,,,,,,,,,,,,,,
AY355216,,,,,,,,,,,,,,,,,,,,,,,,,,,,,,,,,,,A,,,,,,,,,,,,,,,,,,,,,,,,,,
AY450533,,,,,,,,,,,,,,,,,,,,,,,,,,,,,,,,,,,A,,,,,,,,,,,,,,,,,,,,,,,,,,
AY355260,,,,,,,,,,,,,,,,,,,,,,,,,,,,,,,,,,,A,,,,GAT,,,,,,,,,,,,,,,,,,,,,,
AY450541,,,,,,,,,,,,,,,,,,,,,,,,,,,,,,,,,,,A,,,,GAT,,,,,,,,,,,,,,,,,,,,,,
AY450542,,,,,,,,,,,,,,,,,,,,,,,,,,,,,,,,,,,A,,,,AAC,,,,,,,,,,,,,,,,,,,,,,
AY355264,,,,,,,,,,,,,,,,,,,,,,,,,,,,,,,,,,,A,,,,AAC,,,,,,,,,,,,,,,,,,,,,,
AY450546,,,,,,,,,,,,,,,,,,,,,,,,,,,,,,,,,,,A,,,,GCA,,,,,,,,,,,,,,,,,,,,,,
AY355273,,,,,,,,,,,,,,,,,,,,,,,,,,,,,,,,,,,A,,,,GCA,,,,,,,,,,,,,,,,,,,,,,
MH828514,,,,,,,,,,,,,,,,,,,,,,,,,,,,,,,,,,,A,,,,,,,,,,,,,,,,,,,,,,,,,,
AY450544,,,,,,,,,,,,,,,,,,,,,,,,,,,,,,,,,,,A,,,,,,,,,,,,,,,,,,,,,,,,,,
AY355267,,,,,,,,,,,,,,,,,,,,,,,,,,,,,,,,,,,A,,,,,,,,,,,,,,,,,,,,,,,,,,
AY450543,,,,,,,,,,,,,,,,,,,,,,,,,,,,,,,,,,,A,,,,,,,,,,,,,,,,,,,,,,,,,,
AY355265,,,,,,,,,,,,,,,,,,,,,,,,,,,,,,,,,,,A,,,,,,,,,,,,,,,,,,,,,,,,,,
AY450535,,,,,,,,,,,,,,,,,,,,,,,,,,,,,,,,,,,A,,,,,,,,,,,,,,,,,,,,,,,,,,
AY355223,,,,,,,,,,,,,,,,,,,,,,,,,,,,,,,,,,,A,,,,,,,,,,,,,,,,,,,,,,,,,,
AY355186,,,,,,,,,,,,,,,,,,,,,,,,,,,,,,,,,,,A,,,,,,,,,,,,,,,,,,,,,,,,,,
AY450528,,,,,,,,,,,,,,,,,,,,,,,,,,,,,,,,,,,A,,,,,,,,,,,,,,,,,,,,,,,,,,
AY450549,,,,,,,,,,,,,,,,,,,,,,,,,,,,,,,,,,,A,,,,,,,,,,,,,,,,,,,,,,,,,,
AY355280,,,,,,,,,,,,,,,,,,,,,,,,,,,,,,,,,,,A,,,,,,,,,,,,,,,,,,,,,,,,,,
AY450531,,,,,,,,,,,,,,,,,,,,,,,,,,,,,,,,,,,A,,,,,,,,,,,,,,,,,,,,,,,,,,
AY355207,,,,,,,,,,,,,,,,,,,,,,,,,,,,,,,,,,,A,,,,,,,,,,,,,,,,,,,,,,,,,,
EU840860,,,,,,,,,,,,,,,,,,,,,,,,,,,,,,,,,,,,,,,,,,,,,,,,,,,,,,CAGT,,,,,,,
EU840846,,,,,,,,,,,,,,,,,,,,,,,,,,,,,,,,,,,,,,,,,,,,,,,,,,,,,,,,C,,,,,
